instance,source,n_vars,n_cons,solver,obj_nominal,solve_time,converged,S,feasibility_rate,infeasibility_rate,mean_obj,std_obj,mean_violation,max_violation,n_test
semi-integer,NETLIB,4,4,Nominal-LP,nan,0.2079960689879954,False,deterministic (mean only),0.0,1.0,0.0,0.0,0.5022949261545253,0.5793903997510056,400
semi-integer,NETLIB,4,4,HiGHS-SAA,-619030223.526454,0.2813050888944417,True,100,0.98,0.020000000000000018,-616326741.5323335,38795276.42896984,0.0034742734767721065,0.3655255559121794,400
semi-integer,NETLIB,4,4,OR-Tools GLOP-SAA,nan,3.7204679410206154,False,100,0.0,1.0,0.0,0.0,0.5022949261545253,0.5793903997510056,400
semi-integer,NETLIB,4,4,OR-Tools PDLP-SAA,nan,0.2144535219995305,False,100,0.0,1.0,0.0,0.0,0.5022949261545253,0.5793903997510056,400
semi-integer,NETLIB,4,4,Bertsimas-Sim(γ=3.0),-225131531.65286097,0.008695419994182885,True,parametric robust (γ=3.0),1.0,0.0,-277182752.37587315,17515799.152044483,0.0,0.0,400
semi-integer,NETLIB,4,4,CVaR-LP(α=0.95),nan,0.21615026309154928,False,100,0.0,1.0,0.0,0.0,0.5022949261545253,0.5793903997510056,400
semi-integer,NETLIB,4,4,FuzzyPD-LP,-88111431.35442238,1.4737461439799517,True,BS(γ=5.0)+AdvSAA(100)+Combo,1.0,0.0,-87941623.92088486,5557228.37573887,0.0,0.0,400
semi-integer,NETLIB,4,4,TSAR-BS-only,-88111431.35442238,0.4415471530519426,True,BS-only(γ=5.0),1.0,0.0,-87941623.92088486,5557228.37573887,0.0,0.0,400
semi-integer,NETLIB,4,4,TSAR-Adv-only,-786.006096051636,0.8257627339335158,True,AdvSAA-only(S=100),1.0,0.0,-784.4781236651959,49.82296523659793,0.0,0.0,400
semi-integer,NETLIB,4,4,TSAR-No-calib,-526281833.2762334,0.01899177103769034,True,No-calibration(fixed γ=2.0),1.0,0.0,-525267588.4516449,33192835.591501825,0.0,0.0,400
test,NETLIB,7,6,Nominal-LP,-8.25,0.03455453203059733,True,deterministic (mean only),0.0675,0.9325,-8.253353569412242,0.6464953600104084,0.192900445823284,0.8450010563141515,400
test,NETLIB,7,6,HiGHS-SAA,-7.1108769364605,1.123350169043988,True,100,0.9875,0.012499999999999956,-7.038239254030259,0.5948278592046442,0.00033055509318280827,0.09240339602737047,400
test,NETLIB,7,6,OR-Tools GLOP-SAA,-7.110876935007823,3.025446170940995,True,100,0.9875,0.012499999999999956,-7.038239252658991,0.5948278591759755,0.00033055506939108306,0.09240339613354953,400
test,NETLIB,7,6,OR-Tools PDLP-SAA,-7.11087693610844,0.9075324159348384,True,100,0.9875,0.012499999999999956,-7.038239253757542,0.5948278591767991,0.0003305550806185503,0.0924033982376955,400
test,NETLIB,7,6,Bertsimas-Sim(γ=3.0),-4.117137427226558,0.00895969895645976,True,parametric robust (γ=3.0),1.0,0.0,-6.195017758573288,0.5654753885877304,0.0,0.0,400
test,NETLIB,7,6,CVaR-LP(α=0.95),-7.033328622623525,1.3245790880173445,True,100,0.9875,0.012499999999999956,-7.038239254030259,0.5948278592046442,0.00033055509318280827,0.09240339602737047,400
test,NETLIB,7,6,FuzzyPD-LP,-5.047483476459261,3.040580498985946,True,BS(γ=4.5)+AdvSAA(100)+Combo,1.0,0.0,-5.055609358410855,0.5293224318532819,0.0,0.0,400
test,NETLIB,7,6,TSAR-BS-only,-5.047483476459261,0.7743560191011056,True,BS-only(γ=4.5),1.0,0.0,-5.055609358410855,0.5293224318532819,0.0,0.0,400
test,NETLIB,7,6,TSAR-Adv-only,-6.5082211207870095,0.579094356042333,True,AdvSAA-only(S=100),1.0,0.0,-6.514098976569417,0.5780261828175087,0.0,0.0,400
test,NETLIB,7,6,TSAR-No-calib,-6.898624219098965,0.1167704031104222,True,No-calibration(fixed γ=2.0),1.0,0.0,-6.903857865053538,0.591186161201443,0.0,0.0,400
avgas,NETLIB,8,10,Nominal-LP,-7.750000000000001,0.04917689808644354,True,deterministic (mean only),0.0325,0.9675,-7.752774648184443,0.20274654923248558,0.10465542368262824,0.3316775708938544,400
avgas,NETLIB,8,10,HiGHS-SAA,-6.425487935861431,0.29579420608934015,True,100,0.945,0.05500000000000005,-6.419855726567809,0.16934005290397852,0.0009269488672085807,0.051577603160768336,400
avgas,NETLIB,8,10,OR-Tools GLOP-SAA,-6.425487936864193,1.4182283419650048,True,100,0.945,0.05500000000000005,-6.419855727581139,0.16934005295325566,0.0009269488700110711,0.05157760319554996,400
avgas,NETLIB,8,10,OR-Tools PDLP-SAA,-6.425488189058214,1.0388894430361688,True,100,0.945,0.05500000000000005,-6.419855938947213,0.16934006532968038,0.0009269438508120007,0.05157733795925213,400
avgas,NETLIB,8,10,Bertsimas-Sim(γ=3.0),-4.358180510836958,0.03384403605014086,True,parametric robust (γ=3.0),1.0,0.0,-5.286469748867294,0.14243162608984858,0.0,0.0,400
avgas,NETLIB,8,10,CVaR-LP(α=0.95),-6.4175140929961225,0.2780596090015024,True,100,0.945,0.05500000000000005,-6.419855726567678,0.16934005290397702,0.0009269488672084126,0.05157760316077,400
avgas,NETLIB,8,10,FuzzyPD-LP,-4.0847127613802385,3.355459197075106,True,BS(γ=5.0)+AdvSAA(100)+Combo,1.0,0.0,-4.086832939989447,0.11419753824405211,0.0,0.0,400
avgas,NETLIB,8,10,TSAR-BS-only,-4.0847127613802385,1.5066855089971796,True,BS-only(γ=5.0),1.0,0.0,-4.086832939989447,0.11419753824405211,0.0,0.0,400
avgas,NETLIB,8,10,TSAR-Adv-only,-5.622793665145557,0.8315103219356388,True,AdvSAA-only(S=100),1.0,0.0,-5.6252817841216824,0.15028774677206377,0.0,0.0,400
avgas,NETLIB,8,10,TSAR-No-calib,-6.001661752954465,0.27099058998283,True,No-calibration(fixed γ=2.0),0.9975,0.0024999999999999467,-6.004207491426473,0.15938047125528454,1.8264764518939604e-05,0.007305905807575841,400
2894,NETLIB,5,15,Nominal-LP,nan,0.044060476939193904,False,deterministic (mean only),0.0,1.0,0.0,0.0,3.096329301746025,3.295421288407309,400
2894,NETLIB,5,15,HiGHS-SAA,nan,0.1298092360375449,False,100,0.0,1.0,0.0,0.0,3.096329301746025,3.295421288407309,400
2894,NETLIB,5,15,OR-Tools GLOP-SAA,nan,4.841895431978628,False,100,0.0,1.0,0.0,0.0,3.096329301746025,3.295421288407309,400
2894,NETLIB,5,15,OR-Tools PDLP-SAA,nan,1.0456359050003812,False,100,0.0,1.0,0.0,0.0,3.096329301746025,3.295421288407309,400
2894,NETLIB,5,15,Bertsimas-Sim(γ=3.0),nan,0.011966191930696368,False,parametric robust (γ=3.0),0.0,1.0,0.0,0.0,3.096329301746025,3.295421288407309,400
2894,NETLIB,5,15,CVaR-LP(α=0.95),nan,0.9250924559310079,False,100,0.0,1.0,0.0,0.0,3.096329301746025,3.295421288407309,400
2894,NETLIB,5,15,FuzzyPD-LP,0.0,2.6662127720192075,True,BS(γ=5.0)+AdvSAA(100)+Combo,0.0,1.0,0.0,0.0,3.096329301746025,3.295421288407309,400
2894,NETLIB,5,15,TSAR-BS-only,0.0,0.6153951790183783,True,BS-only(γ=5.0),0.0,1.0,0.0,0.0,3.096329301746025,3.295421288407309,400
2894,NETLIB,5,15,TSAR-Adv-only,0.0,1.7148259170353413,True,AdvSAA-only(S=100),0.0,1.0,0.0,0.0,3.096329301746025,3.295421288407309,400
2894,NETLIB,5,15,TSAR-No-calib,0.0,0.2142773939995095,True,No-calibration(fixed γ=2.0),0.0,1.0,0.0,0.0,3.096329301746025,3.295421288407309,400
semi-continuous,MIPLIB,4,4,Nominal-LP,nan,0.11026879900600761,False,deterministic (mean only),0.0,1.0,0.0,0.0,0.5022949261545253,0.5793903997510056,400
semi-continuous,MIPLIB,4,4,HiGHS-SAA,-619030223.526454,0.1873135679634288,True,100,0.98,0.020000000000000018,-616326741.5323335,38795276.42896984,0.0034742734767721065,0.3655255559121794,400
semi-continuous,MIPLIB,4,4,OR-Tools GLOP-SAA,nan,0.2944513850379735,False,100,0.0,1.0,0.0,0.0,0.5022949261545253,0.5793903997510056,400
semi-continuous,MIPLIB,4,4,OR-Tools PDLP-SAA,nan,0.12251968903001398,False,100,0.0,1.0,0.0,0.0,0.5022949261545253,0.5793903997510056,400
semi-continuous,MIPLIB,4,4,Bertsimas-Sim(γ=3.0),-225131531.65286097,0.013159374007955194,True,parametric robust (γ=3.0),1.0,0.0,-277182752.37587315,17515799.152044483,0.0,0.0,400
semi-continuous,MIPLIB,4,4,CVaR-LP(α=0.95),nan,0.5030687020625919,False,100,0.0,1.0,0.0,0.0,0.5022949261545253,0.5793903997510056,400
semi-continuous,MIPLIB,4,4,FuzzyPD-LP,-88111431.35442238,1.5866429229499772,True,BS(γ=5.0)+AdvSAA(100)+Combo,1.0,0.0,-87941623.92088486,5557228.37573887,0.0,0.0,400
semi-continuous,MIPLIB,4,4,TSAR-BS-only,-88111431.35442238,0.4395327549427748,True,BS-only(γ=5.0),1.0,0.0,-87941623.92088486,5557228.37573887,0.0,0.0,400
semi-continuous,MIPLIB,4,4,TSAR-Adv-only,-786.006096051636,0.4318619790719822,True,AdvSAA-only(S=100),1.0,0.0,-784.4781236651959,49.82296523659793,0.0,0.0,400
semi-continuous,MIPLIB,4,4,TSAR-No-calib,-526281833.2762334,0.024014641996473074,True,No-calibration(fixed γ=2.0),1.0,0.0,-525267588.4516449,33192835.591501825,0.0,0.0,400
small_mip,MIPLIB,9,4,Nominal-LP,-0.8391276864728183,0.013714090920984745,True,deterministic (mean only),0.0625,0.9375,-0.8350985492440688,0.14213357086840023,0.5252422516883023,3.0045840431872204,400
small_mip,MIPLIB,9,4,HiGHS-SAA,0.4349484856700183,0.22225834801793098,True,100,0.985,0.015000000000000013,0.4262579844380285,0.12419950684528315,0.0017308625976820524,0.2655811459021251,400
small_mip,MIPLIB,9,4,OR-Tools GLOP-SAA,0.43494848464646285,0.21873708895873278,True,100,0.985,0.015000000000000013,0.42625798340715393,0.12419950684273287,0.0017308626088436002,0.26558114657442466,400
small_mip,MIPLIB,9,4,OR-Tools PDLP-SAA,0.4349484846653704,0.05079284904059023,True,100,0.985,0.015000000000000013,0.42625798342620214,0.12419950684272106,0.001730862608674994,0.26558114655537857,400
small_mip,MIPLIB,9,4,Bertsimas-Sim(γ=3.0),2.0645151403186124,0.040484028053469956,True,parametric robust (γ=3.0),1.0,0.0,1.6614974706350005,0.12416463072576331,0.0,0.0,400
small_mip,MIPLIB,9,4,CVaR-LP(α=0.95),0.42073502760362413,0.850058616953902,True,100,0.985,0.015000000000000013,0.4262579844380254,0.1241995068452832,0.0017308625976821057,0.265581145902134,400
small_mip,MIPLIB,9,4,FuzzyPD-LP,1.654145008103479,2.4188496799906716,True,BS(γ=3.0)+AdvSAA(100)+Combo,1.0,0.0,1.6614974706350005,0.12416463072576331,0.0,0.0,400
small_mip,MIPLIB,9,4,TSAR-BS-only,1.654145008103479,0.6851413900731131,True,BS-only(γ=3.0),1.0,0.0,1.6614974706350005,0.12416463072576331,0.0,0.0,400
small_mip,MIPLIB,9,4,TSAR-Adv-only,1.2494746631265126,1.117586186970584,True,AdvSAA-only(S=100),1.0,0.0,1.2562641538612047,0.12417608966463337,0.0,0.0,400
small_mip,MIPLIB,9,4,TSAR-No-calib,0.8321777768843086,0.4719490889692679,True,No-calibration(fixed γ=2.0),1.0,0.0,0.8383702197318201,0.12475444329109558,0.0,0.0,400
flugpl,MIPLIB,18,12,Nominal-LP,1008000.0,0.29817991401068866,True,deterministic (mean only),0.015,0.985,1007412.6535684931,24230.217782927648,903.7610237253175,3246.854600416489,400
flugpl,MIPLIB,18,12,HiGHS-SAA,1203444.0167695954,1.5802717779297382,True,100,0.95,0.050000000000000044,1202659.9337522353,28667.399618951586,8.23986251684103,551.4928329807462,400
flugpl,MIPLIB,18,12,OR-Tools GLOP-SAA,1203444.016767486,1.4196637079585344,True,100,0.95,0.050000000000000044,1202659.9337501465,28667.39961888757,8.239862518665456,551.4928329807481,400
flugpl,MIPLIB,18,12,OR-Tools PDLP-SAA,1203443.9991689888,2.2374105200869963,True,100,0.95,0.050000000000000044,1202659.916349434,28667.39915313901,8.23987583863501,551.4928329807462,400
flugpl,MIPLIB,18,12,Bertsimas-Sim(γ=3.0),1600248.9825113877,0.0087917490163818,True,parametric robust (γ=3.0),1.0,0.0,1373999.8570137448,32907.62186126672,0.0,0.0,400
flugpl,MIPLIB,18,12,CVaR-LP(α=0.95),1203364.866159686,0.5866043249843642,True,100,0.95,0.050000000000000044,1202659.9337522353,28667.399618951586,8.239862516841022,551.4928329807462,400
flugpl,MIPLIB,18,12,FuzzyPD-LP,1716322.3518662725,4.476142616011202,True,BS(γ=5.0)+AdvSAA(100)+Combo,1.0,0.0,1715129.608829597,41215.72747565872,0.0,0.0,400
flugpl,MIPLIB,18,12,TSAR-BS-only,1716322.3518662725,0.9492419909220189,True,BS-only(γ=5.0),1.0,0.0,1715129.608829597,41215.72747565872,0.0,0.0,400
flugpl,MIPLIB,18,12,TSAR-Adv-only,1300649.8136653262,2.595417145988904,True,AdvSAA-only(S=100),1.0,0.0,1299838.455108631,31135.400856438944,0.0,0.0,400
flugpl,MIPLIB,18,12,TSAR-No-calib,1237381.6884396672,0.4547374499961734,True,No-calibration(fixed γ=2.0),0.995,0.0050000000000000044,1236621.8326214715,29626.287116345175,0.8288243185351348,250.30396483633922,400
2171,MIPLIB,5,98,Nominal-LP,nan,0.21407538698986173,False,deterministic (mean only),0.0,1.0,0.0,0.0,102.0424496984355,113.42135116532987,400
2171,MIPLIB,5,98,HiGHS-SAA,nan,0.5752368851099163,False,100,0.0,1.0,0.0,0.0,102.0424496984355,113.42135116532987,400
2171,MIPLIB,5,98,OR-Tools GLOP-SAA,nan,3.5963399410247803,False,100,0.0,1.0,0.0,0.0,102.0424496984355,113.42135116532987,400
2171,MIPLIB,5,98,OR-Tools PDLP-SAA,nan,5.053429365041666,False,100,0.0,1.0,0.0,0.0,102.0424496984355,113.42135116532987,400
2171,MIPLIB,5,98,Bertsimas-Sim(γ=3.0),nan,0.014847025042399764,False,parametric robust (γ=3.0),0.0,1.0,0.0,0.0,102.0424496984355,113.42135116532987,400
2171,MIPLIB,5,98,CVaR-LP(α=0.95),nan,1.0691542360000312,False,100,0.0,1.0,0.0,0.0,102.0424496984355,113.42135116532987,400
2171,MIPLIB,5,98,FuzzyPD-LP,0.0,8.220125501975417,True,BS(γ=5.0)+AdvSAA(100)+Combo,0.0,1.0,0.0,0.0,102.0424496984355,113.42135116532987,400
2171,MIPLIB,5,98,TSAR-BS-only,0.0,1.0098143469076604,True,BS-only(γ=5.0),0.0,1.0,0.0,0.0,102.0424496984355,113.42135116532987,400
2171,MIPLIB,5,98,TSAR-Adv-only,0.0,3.685625080950558,True,AdvSAA-only(S=100),0.0,1.0,0.0,0.0,102.0424496984355,113.42135116532987,400
2171,MIPLIB,5,98,TSAR-No-calib,0.0,0.09118917991872877,True,No-calibration(fixed γ=2.0),0.0,1.0,0.0,0.0,102.0424496984355,113.42135116532987,400
sctest,NETLIB,6,5,Nominal-LP,nan,0.16115143708884716,False,deterministic (mean only),0.0,1.0,0.0,0.0,2.9991235560919813,3.2037451816068336,400
sctest,NETLIB,6,5,HiGHS-SAA,nan,0.4449231120524928,False,100,0.0,1.0,0.0,0.0,2.9991235560919813,3.2037451816068336,400
sctest,NETLIB,6,5,OR-Tools GLOP-SAA,nan,2.190073973033577,False,100,0.0,1.0,0.0,0.0,2.9991235560919813,3.2037451816068336,400
sctest,NETLIB,6,5,OR-Tools PDLP-SAA,nan,75.16086643806193,False,100,0.0,1.0,0.0,0.0,2.9991235560919813,3.2037451816068336,400
sctest,NETLIB,6,5,Bertsimas-Sim(γ=3.0),nan,0.008406842011027038,False,parametric robust (γ=3.0),0.0,1.0,0.0,0.0,2.9991235560919813,3.2037451816068336,400
sctest,NETLIB,6,5,CVaR-LP(α=0.95),nan,0.40737133694346994,False,100,0.0,1.0,0.0,0.0,2.9991235560919813,3.2037451816068336,400
sctest,NETLIB,6,5,FuzzyPD-LP,0.0,1.9628235049312934,True,BS(γ=5.0)+AdvSAA(100)+Combo,0.0,1.0,0.0,0.0,2.9991235560919813,3.2037451816068336,400
sctest,NETLIB,6,5,TSAR-BS-only,0.0,0.5270660939859226,True,BS-only(γ=5.0),0.0,1.0,0.0,0.0,2.9991235560919813,3.2037451816068336,400
sctest,NETLIB,6,5,TSAR-Adv-only,0.0,0.8383950090501457,True,AdvSAA-only(S=100),0.0,1.0,0.0,0.0,2.9991235560919813,3.2037451816068336,400
sctest,NETLIB,6,5,TSAR-No-calib,0.0,0.023509865044616163,True,No-calibration(fixed γ=2.0),0.0,1.0,0.0,0.0,2.9991235560919813,3.2037451816068336,400
rgn,MIPLIB,180,4,Nominal-LP,0.0,0.42113852594047785,True,deterministic (mean only),1.0,0.0,0.0,0.0,0.0,0.0,400
rgn,MIPLIB,180,4,HiGHS-SAA,-3.0966099109864873e-09,0.992765725008212,True,100,0.9525,0.04749999999999999,3.9849781341892564e-10,6.5426618467098444e-09,0.0009605176301062096,0.06055478440140072,400
rgn,MIPLIB,180,4,OR-Tools GLOP-SAA,0.0,3.285077563021332,True,100,1.0,0.0,0.0,0.0,0.0,0.0,400
rgn,MIPLIB,180,4,OR-Tools PDLP-SAA,0.0,5.095209790044464,True,100,1.0,0.0,0.0,0.0,0.0,0.0,400
rgn,MIPLIB,180,4,Bertsimas-Sim(γ=3.0),0.0,0.03207095596008003,True,parametric robust (γ=3.0),1.0,0.0,0.0,0.0,0.0,0.0,400
rgn,MIPLIB,180,4,CVaR-LP(α=0.95),0.0,0.9162093029590324,True,100,0.82,0.18000000000000005,1.3218182562500673e-10,4.3239499112208466e-09,0.002588331072625809,0.0486749678770414,400
rgn,MIPLIB,180,4,FuzzyPD-LP,0.0,16.633867347962223,True,BS(γ=5.0)+AdvSAA(100)+Combo,1.0,0.0,0.0,0.0,0.0,0.0,400
rgn,MIPLIB,180,4,TSAR-BS-only,0.0,3.4197084580082446,True,BS-only(γ=5.0),1.0,0.0,0.0,0.0,0.0,0.0,400
rgn,MIPLIB,180,4,TSAR-Adv-only,0.0,5.7488895079586655,True,AdvSAA-only(S=100),1.0,0.0,-5.174374241312246e-10,6.324863019955345e-09,0.0,0.0,400
rgn,MIPLIB,180,4,TSAR-No-calib,0.0,0.0635925680398941,True,No-calibration(fixed γ=2.0),1.0,0.0,0.0,0.0,0.0,0.0,400
galenet,NETLIB,8,6,Nominal-LP,0.0,0.026254619006067514,True,deterministic (mean only),0.1425,0.8575,4.4740415009224785e-09,1.4582734650175644e-07,1.4762936906527486,7.323144863872326,400
galenet,NETLIB,8,6,HiGHS-SAA,-1.9200398087596466e-08,0.7670140489935875,True,100,0.965,0.03500000000000003,3.728646342700864e-09,1.8894220525491388e-07,0.009213483073696177,1.130049074370163,400
galenet,NETLIB,8,6,OR-Tools GLOP-SAA,-0.8587989648825013,2.3870253659551963,True,100,0.96,0.040000000000000036,-0.32423948803707153,8.51194393618074,0.07404051369918861,6.61112403268406,400
galenet,NETLIB,8,6,OR-Tools PDLP-SAA,nan,120.16794273699634,False,100,0.0,1.0,0.0,0.0,29.940497482183073,33.53426586268218,400
galenet,NETLIB,8,6,Bertsimas-Sim(γ=3.0),1.0094225735273922e-06,0.4790177019312978,True,parametric robust (γ=3.0),1.0,0.0,7.169331584255705e-09,1.8971199467037412e-07,0.0,0.0,400
galenet,NETLIB,8,6,CVaR-LP(α=0.95),0.0,0.5642701670294628,True,100,0.955,0.04500000000000004,3.766421836641509e-09,1.8793206631404993e-07,0.02394400309947585,1.6952020395894252,400
galenet,NETLIB,8,6,FuzzyPD-LP,0.0,3.149600849021226,True,BS(γ=5.0)+AdvSAA(100)+Combo,1.0,0.0,9.565665267412105e-09,2.4294613959743056e-07,0.0,0.0,400
galenet,NETLIB,8,6,TSAR-BS-only,0.0,1.2299619000405073,True,BS-only(γ=5.0),1.0,0.0,9.565665267412105e-09,2.4294613959743056e-07,0.0,0.0,400
galenet,NETLIB,8,6,TSAR-Adv-only,0.0,0.7919335720362142,True,AdvSAA-only(S=100),1.0,0.0,6.654339112067924e-09,1.7858518934191708e-07,0.0,0.0,400
galenet,NETLIB,8,6,TSAR-No-calib,0.0,0.02948244195431471,True,No-calibration(fixed γ=2.0),0.9975,0.0024999999999999467,6.246741009147124e-09,1.6893280540278913e-07,0.0004782932675571949,0.19131730702287797,400
forest6,NETLIB,95,36,Nominal-LP,122266.386,0.05508853809442371,True,deterministic (mean only),0.0,1.0,122276.40376377496,2387.278551753027,102.44869536721255,282.68419940871024,400
forest6,NETLIB,95,36,HiGHS-SAA,139521.80542797342,1.8972012710291892,True,100,0.6625,0.3375,139515.93461603415,2222.643842588887,3.093948434978872,76.11408471826871,400
forest6,NETLIB,95,36,OR-Tools GLOP-SAA,139521.8052535429,20.114770208951086,True,100,0.6225,0.37749999999999995,139515.93444474216,2222.6439224689398,3.0939498506719922,76.11409960732249,400
forest6,NETLIB,95,36,OR-Tools PDLP-SAA,139521.80061298382,22.85120705200825,True,100,0.0,1.0,139515.9297817634,2222.6438543677496,3.0939964220777267,76.11408440778268,400
forest6,NETLIB,95,36,Bertsimas-Sim(γ=3.0),177764.5716437963,0.5816069130087271,True,parametric robust (γ=3.0),1.0,0.0,159829.37532144424,2491.9535291361212,0.0,0.0,400
forest6,NETLIB,95,36,CVaR-LP(α=0.95),139561.59798275869,1.7232772629940882,True,100,0.6575,0.3425,139559.63767398294,1895.3296021387034,2.4301999470887226,76.11408665806516,400
forest6,NETLIB,95,36,FuzzyPD-LP,191669.54901647722,45.085983973927796,True,BS(γ=5.0)+AdvSAA(100)+Combo,1.0,0.0,191603.8516901465,3018.238609177568,0.0,0.0,400
forest6,NETLIB,95,36,TSAR-BS-only,191669.54901647722,5.804634467000142,True,BS-only(γ=5.0),1.0,0.0,191603.8516901465,3018.238609177568,0.0,0.0,400
forest6,NETLIB,95,36,TSAR-Adv-only,152436.77150173282,23.856689980020747,True,AdvSAA-only(S=100),1.0,0.0,152387.02216707572,2367.9197846660177,0.0,0.0,400
forest6,NETLIB,95,36,TSAR-No-calib,146192.06266018128,1.312775026075542,True,No-calibration(fixed γ=2.0),0.995,0.0050000000000000044,146144.63609780176,2267.3848625707637,0.04479215013950352,14.669936308472643,400
klein1,NETLIB,54,54,Nominal-LP,nan,0.17597153095994145,False,deterministic (mean only),0.0,1.0,0.0,0.0,48.08351777472154,54.24153764502881,400
klein1,NETLIB,54,54,HiGHS-SAA,nan,6.659218169050291,False,100,0.0,1.0,0.0,0.0,48.08351777472154,54.24153764502881,400
klein1,NETLIB,54,54,OR-Tools GLOP-SAA,nan,15.932184008997865,False,100,0.0,1.0,0.0,0.0,48.08351777472154,54.24153764502881,400
klein1,NETLIB,54,54,OR-Tools PDLP-SAA,nan,46.730448383954354,False,100,0.0,1.0,0.0,0.0,48.08351777472154,54.24153764502881,400
klein1,NETLIB,54,54,Bertsimas-Sim(γ=3.0),nan,0.040782929048873484,False,parametric robust (γ=3.0),0.0,1.0,0.0,0.0,48.08351777472154,54.24153764502881,400
klein1,NETLIB,54,54,CVaR-LP(α=0.95),nan,4.015435426030308,False,100,0.0,1.0,0.0,0.0,48.08351777472154,54.24153764502881,400
klein1,NETLIB,54,54,FuzzyPD-LP,0.0,48.59602050995454,True,BS(γ=5.0)+AdvSAA(100)+Combo,0.0,1.0,0.0,0.0,48.08351777472154,54.24153764502881,400
klein1,NETLIB,54,54,TSAR-BS-only,0.0,4.726637516985647,True,BS-only(γ=5.0),0.0,1.0,0.0,0.0,48.08351777472154,54.24153764502881,400
klein1,NETLIB,54,54,TSAR-Adv-only,0.0,22.474136178963818,True,AdvSAA-only(S=100),0.0,1.0,0.0,0.0,48.08351777472154,54.24153764502881,400
klein1,NETLIB,54,54,TSAR-No-calib,0.0,1.9825795920332894,True,No-calibration(fixed γ=2.0),0.0,1.0,0.0,0.0,48.08351777472154,54.24153764502881,400
lseu,MIPLIB,89,28,Nominal-LP,662.9741176470588,0.273598276078701,True,deterministic (mean only),0.0,1.0,663.1731348308485,10.707788873249012,145.33055763169352,585.9846029024288,400
lseu,MIPLIB,89,28,HiGHS-SAA,nan,121.38147462694906,False,100,0.0,1.0,0.0,0.0,2600.8500463432683,2875.0551348332356,400
lseu,MIPLIB,89,28,OR-Tools GLOP-SAA,nan,13.292852128040977,False,100,0.0,1.0,0.0,0.0,2600.8500463432683,2875.0551348332356,400
lseu,MIPLIB,89,28,OR-Tools PDLP-SAA,nan,16.962788552977145,False,100,0.0,1.0,0.0,0.0,2600.8500463432683,2875.0551348332356,400
lseu,MIPLIB,89,28,Bertsimas-Sim(γ=3.0),nan,0.17384915694128722,False,parametric robust (γ=3.0),0.0,1.0,0.0,0.0,2600.8500463432683,2875.0551348332356,400
lseu,MIPLIB,89,28,CVaR-LP(α=0.95),nan,25.110149487038143,False,100,0.0,1.0,0.0,0.0,2600.8500463432683,2875.0551348332356,400
lseu,MIPLIB,89,28,FuzzyPD-LP,0.0,60.94105178094469,True,BS(γ=5.0)+AdvSAA(100)+Combo,0.0,1.0,0.0,0.0,2600.8500463432683,2875.0551348332356,400
lseu,MIPLIB,89,28,TSAR-BS-only,0.0,8.97772119694855,True,BS-only(γ=5.0),0.0,1.0,0.0,0.0,2600.8500463432683,2875.0551348332356,400
lseu,MIPLIB,89,28,TSAR-Adv-only,0.0,29.959165973006748,True,AdvSAA-only(S=100),0.0,1.0,0.0,0.0,2600.8500463432683,2875.0551348332356,400
lseu,MIPLIB,89,28,TSAR-No-calib,0.0,1.1438423410290852,True,No-calibration(fixed γ=2.0),0.0,1.0,0.0,0.0,2600.8500463432683,2875.0551348332356,400
gt2,MIPLIB,188,29,Nominal-LP,13460.233074411897,0.09904342994559556,True,deterministic (mean only),0.0,1.0,13447.39837965553,297.7048178218392,140.02603663846088,869.6814601580973,400
gt2,MIPLIB,188,29,HiGHS-SAA,16443.888253162997,3.3869806340662763,True,100,0.9125,0.08750000000000002,16369.94914737171,363.27382215852816,0.08180137801263758,7.720496431374158,400
gt2,MIPLIB,188,29,OR-Tools GLOP-SAA,16443.88826973571,35.03691455698572,True,100,0.9125,0.08750000000000002,16369.949163864378,363.27382218298453,0.0818013764556256,7.720496432153254,400
gt2,MIPLIB,188,29,OR-Tools PDLP-SAA,16443.80968176381,34.097215289017186,True,100,0.91,0.08999999999999997,16369.870778372897,363.27278374087234,0.08234192619536891,7.720496432148536,400
gt2,MIPLIB,188,29,Bertsimas-Sim(γ=3.0),20016.404592492512,0.13014048500917852,True,parametric robust (γ=3.0),1.0,0.0,18445.08286207184,410.26255298107304,0.0,0.0,400
gt2,MIPLIB,188,29,CVaR-LP(α=0.95),16385.620632644936,2.79366287891753,True,100,0.9125,0.08750000000000002,16369.94916335115,363.2738221551092,0.08180138172211747,7.720496431374045,400
gt2,MIPLIB,188,29,FuzzyPD-LP,78937.91087124438,68.69124896195717,True,BS(γ=4.0)+AdvSAA(100)+Combo,1.0,0.0,78942.20017087174,1035.6921731567613,0.0,0.0,400
gt2,MIPLIB,188,29,TSAR-BS-only,78937.91087124438,9.583205478964373,True,BS-only(γ=4.0),1.0,0.0,78942.20017087174,1035.6921731567613,0.0,0.0,400
gt2,MIPLIB,188,29,TSAR-Adv-only,45651.0768365103,31.465521362028085,True,AdvSAA-only(S=100),1.0,0.0,45670.208351489,749.0414178885445,0.0,0.0,400
gt2,MIPLIB,188,29,TSAR-No-calib,16680.884336371048,0.8572471019579098,True,No-calibration(fixed γ=2.0),0.99,0.010000000000000009,16664.947932696155,370.29170218934314,0.023002309796154585,4.525649656818416,400
gams10am,NETLIB,61,110,Nominal-LP,0.0,0.3025484820827842,True,deterministic (mean only),1.0,0.0,0.0,0.0,0.0,0.0,400
gams10am,NETLIB,61,110,HiGHS-SAA,-4.4248219671338006e-08,3.106303118984215,True,100,0.695,0.30500000000000005,-6.032373944790394e-10,1.1788004321610738e-07,0.02574180595934133,0.48063143859582436,400
gams10am,NETLIB,61,110,OR-Tools GLOP-SAA,0.0,36.39592944702599,True,100,1.0,0.0,0.0,0.0,0.0,0.0,400
gams10am,NETLIB,61,110,OR-Tools PDLP-SAA,0.0,36.840728064998984,True,100,1.0,0.0,0.0,0.0,0.0,0.0,400
gams10am,NETLIB,61,110,Bertsimas-Sim(γ=3.0),0.0,0.573763556079939,True,parametric robust (γ=3.0),1.0,0.0,0.0,0.0,0.0,0.0,400
gams10am,NETLIB,61,110,CVaR-LP(α=0.95),0.0,4.260533413966186,True,100,0.545,0.45499999999999996,2.465807883487422e-09,1.8758311358979146e-07,0.056704002817001414,0.9341704180403294,400
gams10am,NETLIB,61,110,FuzzyPD-LP,0.0,89.8029516710667,True,BS(γ=5.0)+AdvSAA(100)+Combo,1.0,0.0,0.0,0.0,0.0,0.0,400
gams10am,NETLIB,61,110,TSAR-BS-only,0.0,5.614023391040973,True,BS-only(γ=5.0),1.0,0.0,0.0,0.0,0.0,0.0,400
gams10am,NETLIB,61,110,TSAR-Adv-only,0.0,37.98551306605805,True,AdvSAA-only(S=100),1.0,0.0,-2.0494203425790114e-09,1.7902161706082958e-07,0.0,0.0,400
gams10am,NETLIB,61,110,TSAR-No-calib,0.0,1.1270021520322189,True,No-calibration(fixed γ=2.0),1.0,0.0,0.0,0.0,0.0,0.0,400
egout-ac,NETLIB,141,55,Nominal-LP,0.0,0.8187292240327224,True,deterministic (mean only),1.0,0.0,0.0,0.0,8.245004696025058e-09,9.863585011217252e-09,400
egout-ac,NETLIB,141,55,HiGHS-SAA,nan,2.2638159579364583,False,100,1.0,0.0,0.0,0.0,8.245004696025058e-09,9.863585011217252e-09,400
egout-ac,NETLIB,141,55,OR-Tools GLOP-SAA,nan,38.97106007300317,False,100,1.0,0.0,0.0,0.0,8.245004696025058e-09,9.863585011217252e-09,400
egout-ac,NETLIB,141,55,OR-Tools PDLP-SAA,0.0,38.84535966301337,True,100,1.0,0.0,0.0,0.0,8.245004696025058e-09,9.863585011217252e-09,400
egout-ac,NETLIB,141,55,Bertsimas-Sim(γ=3.0),0.0,0.05937215604353696,True,parametric robust (γ=3.0),1.0,0.0,0.0,0.0,8.245004696025058e-09,9.863585011217252e-09,400
egout-ac,NETLIB,141,55,CVaR-LP(α=0.95),0.0,4.647812548908405,True,100,1.0,0.0,5.263165581185971e-17,1.1759752698783708e-15,1.7011561037388427e-08,3.703991394099352e-08,400
egout-ac,NETLIB,141,55,FuzzyPD-LP,0.0,103.91310384997632,True,BS(γ=5.0)+AdvSAA(100)+Combo,1.0,0.0,0.0,0.0,8.245004696025058e-09,9.863585011217252e-09,400
egout-ac,NETLIB,141,55,TSAR-BS-only,0.0,11.399794776923954,True,BS-only(γ=5.0),1.0,0.0,0.0,0.0,8.245004696025058e-09,9.863585011217252e-09,400
egout-ac,NETLIB,141,55,TSAR-Adv-only,0.0,40.76682142994832,True,AdvSAA-only(S=100),1.0,0.0,0.0,0.0,8.245004696025058e-09,9.863585011217252e-09,400
egout-ac,NETLIB,141,55,TSAR-No-calib,0.0,1.126757403020747,True,No-calibration(fixed γ=2.0),1.0,0.0,0.0,0.0,8.245004696025058e-09,9.863585011217252e-09,400
egout,MIPLIB,141,55,Nominal-LP,0.0,0.20123032596893609,True,deterministic (mean only),1.0,0.0,0.0,0.0,8.245004696025058e-09,9.863585011217252e-09,400
egout,MIPLIB,141,55,HiGHS-SAA,-3.830232593035057e-10,1.8903799750842154,True,100,1.0,0.0,1.5416871942803054e-09,6.039256488711209e-09,1.6232471447203727e-08,2.6841574251761657e-08,400
egout,MIPLIB,141,55,OR-Tools GLOP-SAA,5.902412807454791e-08,43.5206164639676,True,100,1.0,0.0,5.916728044652127e-08,6.795279388375048e-10,3.830533296798928e-10,3.267670147654731e-09,400
egout,MIPLIB,141,55,OR-Tools PDLP-SAA,0.0,44.86871351499576,True,100,1.0,0.0,0.0,0.0,8.245004696025058e-09,9.863585011217252e-09,400
egout,MIPLIB,141,55,Bertsimas-Sim(γ=3.0),0.0,0.042789599974639714,True,parametric robust (γ=3.0),1.0,0.0,0.0,0.0,8.245004696025058e-09,9.863585011217252e-09,400
egout,MIPLIB,141,55,CVaR-LP(α=0.95),-3.1518591829559967e-10,2.6651417040266097,True,100,1.0,0.0,-2.9033340703304393e-10,2.7406563745258915e-09,1.1631645032442765e-08,1.9679264625734557e-08,400
egout,MIPLIB,141,55,FuzzyPD-LP,0.0,95.90603355399799,True,BS(γ=5.0)+AdvSAA(100)+Combo,1.0,0.0,0.0,0.0,8.245004696025058e-09,9.863585011217252e-09,400
egout,MIPLIB,141,55,TSAR-BS-only,0.0,7.84025795396883,True,BS-only(γ=5.0),1.0,0.0,0.0,0.0,8.245004696025058e-09,9.863585011217252e-09,400
egout,MIPLIB,141,55,TSAR-Adv-only,3.407942012209102e-08,41.676337549928576,True,AdvSAA-only(S=100),1.0,0.0,3.409609304772667e-08,5.249894508965038e-10,9.275500315206431e-09,1.610828610450635e-08,400
egout,MIPLIB,141,55,TSAR-No-calib,0.0,0.8596980129368603,True,No-calibration(fixed γ=2.0),1.0,0.0,0.0,0.0,8.245004696025058e-09,9.863585011217252e-09,400
bell5,MIPLIB,104,91,Nominal-LP,8608417.946508028,0.13507503899745643,True,deterministic (mean only),0.0,1.0,8618525.815173104,167895.12986756116,1084.9281839673033,2535.5235780031057,400
bell5,MIPLIB,104,91,HiGHS-SAA,14533976.472537862,3.5814521010033786,True,100,0.415,0.585,14555768.389758939,253334.8049004401,16.020031142311687,562.024360696344,400
bell5,MIPLIB,104,91,OR-Tools GLOP-SAA,14533973.505154606,50.34691736695822,True,100,0.41,0.5900000000000001,14555765.394334845,253334.76432666543,16.02002346607832,562.024362545344,400
bell5,MIPLIB,104,91,OR-Tools PDLP-SAA,nan,176.35013611696195,False,100,0.0,1.0,0.0,0.0,7159.296895678615,7832.473528410517,400
bell5,MIPLIB,104,91,Bertsimas-Sim(γ=3.0),nan,0.7113972490187734,False,parametric robust (γ=3.0),0.0,1.0,0.0,0.0,7159.296895678615,7832.473528410517,400
bell5,MIPLIB,104,91,CVaR-LP(α=0.95),14549936.573085979,3.4756440999917686,True,100,0.4125,0.5875,14555768.38972022,253334.8049002805,16.020075856116634,562.024360696344,400
bell5,MIPLIB,104,91,FuzzyPD-LP,18876020.147607006,187.2238770010881,True,BS(γ=2.5)+AdvSAA(100)+Combo,1.0,0.0,18882786.92340055,355355.2033892802,0.0,0.0,400
bell5,MIPLIB,104,91,TSAR-BS-only,18876020.147607006,7.579705699929036,True,BS-only(γ=2.5),1.0,0.0,18882786.92340055,355355.2033892802,0.0,0.0,400
bell5,MIPLIB,104,91,TSAR-Adv-only,0.0,131.95633772597648,True,AdvSAA-only(S=100),0.0,1.0,0.0,0.0,7159.296895678615,7832.473528410517,400
bell5,MIPLIB,104,91,TSAR-No-calib,16246758.25058107,2.6156351850368083,True,No-calibration(fixed γ=2.0),0.9475,0.05249999999999999,16250482.218261734,312536.11094579415,0.6470300986086034,70.55055438676027,400
primal1,NETLIB,325,85,Nominal-LP,nan,0.10122989607043564,False,deterministic (mean only),1.0,0.0,0.0,0.0,1.5490651429990802e-09,9.760948171352554e-09,400
primal1,NETLIB,325,85,HiGHS-SAA,nan,122.99527523701545,False,100,1.0,0.0,0.0,0.0,1.5490651429990802e-09,9.760948171352554e-09,400
primal1,NETLIB,325,85,OR-Tools GLOP-SAA,-0.032095877414589996,165.97651865403168,True,100,0.1375,0.8625,-0.026611051661624936,0.007489948448032394,170.86736130722,10752.634145386564,400
primal1,NETLIB,325,85,OR-Tools PDLP-SAA,nan,267.3708591030445,False,100,1.0,0.0,0.0,0.0,1.5490651429990802e-09,9.760948171352554e-09,400
primal1,NETLIB,325,85,Bertsimas-Sim(γ=3.0),-0.01733657309095229,0.3917480409145355,True,parametric robust (γ=3.0),1.0,0.0,-0.021828726752611317,0.0014944841613946998,0.0,0.0,400
primal1,NETLIB,325,85,CVaR-LP(α=0.95),nan,122.76694688701537,False,100,1.0,0.0,0.0,0.0,1.5490651429990802e-09,9.760948171352554e-09,400
primal1,NETLIB,325,85,FuzzyPD-LP,-0.015949865151072093,468.9113021699013,True,BS(γ=5.0)+AdvSAA(100)+Combo,1.0,0.0,-0.01599743613108395,0.001095250081553231,0.0,0.0,400
primal1,NETLIB,325,85,TSAR-BS-only,-0.015949865151072093,10.90296377998311,True,BS-only(γ=5.0),1.0,0.0,-0.01599743613108395,0.001095250081553231,0.0,0.0,400
primal1,NETLIB,325,85,TSAR-Adv-only,-0.02336861397762268,239.81226485106163,True,AdvSAA-only(S=100),1.0,0.0,-0.02343831163625286,0.0016046829365014281,0.0,0.0,400
primal1,NETLIB,325,85,TSAR-No-calib,-0.025023164500446823,2.5763356710085645,True,No-calibration(fixed γ=2.0),1.0,0.0,-0.02509779689426372,0.0017182981119625207,0.0,0.0,400
p0548,MIPLIB,548,176,Nominal-LP,314.88888888888886,0.7755749599309638,True,deterministic (mean only),0.0,1.0,314.136014163793,21.326753779738315,3729.278432732177,18719.695223247174,400
p0548,MIPLIB,548,176,HiGHS-SAA,nan,124.60855357407127,False,100,0.0,1.0,0.0,0.0,917.5970109113666,1075.9792961974588,400
p0548,MIPLIB,548,176,OR-Tools GLOP-SAA,nan,529.7072562959511,False,100,0.0,1.0,0.0,0.0,917.5970109113666,1075.9792961974588,400
p0548,MIPLIB,548,176,OR-Tools PDLP-SAA,nan,696.3095782810124,False,100,0.0,1.0,0.0,0.0,917.5970109113666,1075.9792961974588,400
p0548,MIPLIB,548,176,Bertsimas-Sim(γ=3.0),nan,0.3833644579863176,False,parametric robust (γ=3.0),0.0,1.0,0.0,0.0,917.5970109113666,1075.9792961974588,400
p0548,MIPLIB,548,176,CVaR-LP(α=0.95),nan,127.30719436600339,False,100,0.0,1.0,0.0,0.0,917.5970109113666,1075.9792961974588,400
p0548,MIPLIB,548,176,FuzzyPD-LP,0.0,1945.7929959309986,True,BS(γ=5.0)+AdvSAA(100)+Combo,0.0,1.0,0.0,0.0,917.5970109113666,1075.9792961974588,400
p0548,MIPLIB,548,176,TSAR-BS-only,0.0,12.818662550998852,True,BS-only(γ=5.0),0.0,1.0,0.0,0.0,917.5970109113666,1075.9792961974588,400
p0548,MIPLIB,548,176,TSAR-Adv-only,0.0,918.715321879019,True,AdvSAA-only(S=100),0.0,1.0,0.0,0.0,917.5970109113666,1075.9792961974588,400
p0548,MIPLIB,548,176,TSAR-No-calib,0.0,1.7483182369032875,True,No-calibration(fixed γ=2.0),0.0,1.0,0.0,0.0,917.5970109113666,1075.9792961974588,400
dcmulti,MIPLIB,548,212,Nominal-LP,11290.2,0.5289429490221664,True,deterministic (mean only),0.0,1.0,11293.707814605008,103.85989366998089,8.25317045779386,20.081049196488905,400
dcmulti,MIPLIB,548,212,HiGHS-SAA,13298.02458073914,14.18692538200412,True,100,0.4625,0.5375,13304.900460501789,115.154735898343,0.35085428665694324,4.3802569417707815,400
dcmulti,MIPLIB,548,212,OR-Tools GLOP-SAA,13298.02452245492,675.4506090360228,True,100,0.4475,0.5525,13304.900402936175,115.15473707917592,0.3508542956070626,4.3802570845374476,400
dcmulti,MIPLIB,548,212,OR-Tools PDLP-SAA,nan,741.8742701929295,False,100,0.0,1.0,0.0,0.0,82.03290012564314,90.87226886661503,400
dcmulti,MIPLIB,548,212,Bertsimas-Sim(γ=3.0),nan,0.8138087859842926,False,parametric robust (γ=3.0),0.0,1.0,0.0,0.0,82.03290012564314,90.87226886661503,400
dcmulti,MIPLIB,548,212,CVaR-LP(α=0.95),13308.77121112699,16.704510587034747,True,100,0.43,0.5700000000000001,13314.399677094403,109.68003827027064,0.3519449376064165,4.382194073492116,400
dcmulti,MIPLIB,548,212,FuzzyPD-LP,13054.960381320412,3332.8172835999867,True,BS(γ=1.5)+AdvSAA(100)+Combo,0.3375,0.6625,13059.393982432493,119.32442337088905,0.6836190016131289,5.661001240466334,400
dcmulti,MIPLIB,548,212,TSAR-BS-only,13054.960381320412,18.978300816961564,True,BS-only(γ=1.5),0.3375,0.6625,13059.393982432493,119.32442337088905,0.6836190016131289,5.661001240466334,400
dcmulti,MIPLIB,548,212,TSAR-Adv-only,0.0,1439.789064829005,True,AdvSAA-only(S=100),0.0,1.0,0.0,0.0,82.03290012564314,90.87226886661503,400
dcmulti,MIPLIB,548,212,TSAR-No-calib,0.0,1.5746031349990517,True,No-calibration(fixed γ=2.0),0.0,1.0,0.0,0.0,82.03290012564314,90.87226886661503,400
sp150x300d,NETLIB,600,300,Nominal-LP,0.0,1.6472034200560302,True,deterministic (mean only),1.0,0.0,0.0,0.0,9.274409714504657e-09,9.971779606906636e-09,400
sp150x300d,NETLIB,600,300,HiGHS-SAA,-2.426274338472462e-17,13.839285735972226,True,100,1.0,0.0,1.6517834164808714e-17,1.8860643167743114e-16,1.449217914293928e-08,1.8565247537380155e-08,400
sp150x300d,NETLIB,600,300,OR-Tools GLOP-SAA,8.825854565881988e-10,982.2290569799952,True,100,1.0,0.0,8.827813076394904e-10,2.7338132837358697e-12,8.940848658957848e-10,2.7023609024384425e-09,400
sp150x300d,NETLIB,600,300,OR-Tools PDLP-SAA,0.0,965.9464063399937,True,100,1.0,0.0,0.0,0.0,9.274409714504657e-09,9.971779606906636e-09,400
sp150x300d,NETLIB,600,300,Bertsimas-Sim(γ=3.0),0.0,1.0124344940995798,True,parametric robust (γ=3.0),1.0,0.0,0.0,0.0,9.274409714504657e-09,9.971779606906636e-09,400
sp150x300d,NETLIB,600,300,CVaR-LP(α=0.95),2.4628456235870765e-11,19.586270819068886,True,100,1.0,0.0,2.460363222022424e-11,9.250232874293434e-13,1.4090306193739225e-08,1.8115104843589653e-08,400
sp150x300d,NETLIB,600,300,FuzzyPD-LP,0.0,1756.4814221230336,True,BS(γ=5.0)+AdvSAA(100)+Combo,1.0,0.0,0.0,0.0,9.274409714504657e-09,9.971779606906636e-09,400
sp150x300d,NETLIB,600,300,TSAR-BS-only,0.0,15.866904661990702,True,BS-only(γ=5.0),1.0,0.0,0.0,0.0,9.274409714504657e-09,9.971779606906636e-09,400
sp150x300d,NETLIB,600,300,TSAR-Adv-only,5.554955392517133e-12,916.2821591509273,True,AdvSAA-only(S=100),1.0,0.0,5.6176834493898456e-12,6.329896293952886e-13,1.3594760938828665e-08,1.9105075695409244e-08,400
sp150x300d,NETLIB,600,300,TSAR-No-calib,0.0,2.0049217049963772,True,No-calibration(fixed γ=2.0),1.0,0.0,0.0,0.0,9.274409714504657e-09,9.971779606906636e-09,400
bgetam,NETLIB,688,128,Nominal-LP,nan,1.1471608619904146,False,deterministic (mean only),0.0,1.0,0.0,0.0,54.83612983837656,62.713772742377756,400
bgetam,NETLIB,688,128,HiGHS-SAA,nan,124.88505747797899,False,100,0.0,1.0,0.0,0.0,54.83612983837656,62.713772742377756,400
bgetam,NETLIB,688,128,OR-Tools GLOP-SAA,nan,564.6788057390368,False,100,0.0,1.0,0.0,0.0,54.83612983837656,62.713772742377756,400
bgetam,NETLIB,688,128,OR-Tools PDLP-SAA,nan,519.8263237599749,False,100,0.0,1.0,0.0,0.0,54.83612983837656,62.713772742377756,400
bgetam,NETLIB,688,128,Bertsimas-Sim(γ=3.0),-42108528046.53413,1.4561654439894482,True,parametric robust (γ=3.0),1.0,0.0,-50880350741.928024,3077608821.1199164,0.0,0.0,400
bgetam,NETLIB,688,128,CVaR-LP(α=0.95),nan,131.20019250595942,False,100,0.0,1.0,0.0,0.0,54.83612983837656,62.713772742377756,400
bgetam,NETLIB,688,128,FuzzyPD-LP,-20434526130.614788,983.6266462330241,True,BS(γ=5.0)+AdvSAA(100)+Combo,1.0,0.0,-20300169269.77114,1227899947.698114,0.0,0.0,400
bgetam,NETLIB,688,128,TSAR-BS-only,-20434526130.614788,38.98208070802502,True,BS-only(γ=5.0),1.0,0.0,-20300169269.77114,1227899947.698114,0.0,0.0,400
bgetam,NETLIB,688,128,TSAR-Adv-only,0.0,553.6473600369645,True,AdvSAA-only(S=100),0.0,1.0,0.0,0.0,54.83612983837656,62.713772742377756,400
bgetam,NETLIB,688,128,TSAR-No-calib,-92513827679.07333,2.0580373510019854,True,No-calibration(fixed γ=2.0),0.545,0.45499999999999996,-91905549934.23402,5559107338.353964,0.029122032111838534,0.18606883857875708,400
semi-integer,NETLIB,4,4,Nominal-LP,nan,0.019826699994155206,False,deterministic (mean only),0.0,1.0,0.0,0.0,0.5022949261545253,0.5793903997510056,400
semi-integer,NETLIB,4,4,HiGHS-SAA,-619030223.526454,0.04588049999438226,True,100,0.98,0.020000000000000018,-616326741.5323335,38795276.42896984,0.0034742734767721065,0.3655255559121794,400
semi-integer,NETLIB,4,4,OR-Tools GLOP-SAA,nan,3.4738075000059325,False,100,0.0,1.0,0.0,0.0,0.5022949261545253,0.5793903997510056,400
semi-integer,NETLIB,4,4,OR-Tools PDLP-SAA,nan,0.046035600011236966,False,100,0.0,1.0,0.0,0.0,0.5022949261545253,0.5793903997510056,400
semi-integer,NETLIB,4,4,Bertsimas-Sim(γ=3.0),-225131531.65286097,0.015759500005515292,True,parametric robust (γ=3.0),1.0,0.0,-277182752.37587315,17515799.152044483,0.0,0.0,400
semi-integer,NETLIB,4,4,CVaR-LP(α=0.95),nan,0.15664159999869298,False,100,0.0,1.0,0.0,0.0,0.5022949261545253,0.5793903997510056,400
semi-integer,NETLIB,4,4,FuzzyPD-LP,-88111431.35442238,0.4406493999995291,True,BS(γ=5.0)+AdvSAA(100)+Combo,1.0,0.0,-87941623.92088486,5557228.37573887,0.0,0.0,400
semi-integer,NETLIB,4,4,TSAR-BS-only,-88111431.35442238,0.204338400013512,True,BS-only(γ=5.0),1.0,0.0,-87941623.92088486,5557228.37573887,0.0,0.0,400
semi-integer,NETLIB,4,4,TSAR-Adv-only,-786.006096051636,0.14124609998543747,True,AdvSAA-only(S=100),1.0,0.0,-784.4781236651959,49.82296523659793,0.0,0.0,400
semi-integer,NETLIB,4,4,TSAR-No-calib,-526281833.2762334,0.04697900000610389,True,No-calibration(fixed γ=2.0),1.0,0.0,-525267588.4516449,33192835.591501825,0.0,0.0,400
semi-integer,NETLIB,4,4,Nominal-LP,nan,0.004098799981875345,False,deterministic (mean only),0.0,1.0,0.0,0.0,0.5022949261545253,0.5793903997510056,400
semi-integer,NETLIB,4,4,HiGHS-SAA,-619030223.526454,0.00456480000866577,True,100,0.98,0.020000000000000018,-616326741.5323335,38795276.42896984,0.0034742734767721065,0.3655255559121794,400
semi-integer,NETLIB,4,4,OR-Tools GLOP-SAA,nan,0.029974800010677427,False,100,0.0,1.0,0.0,0.0,0.5022949261545253,0.5793903997510056,400
semi-integer,NETLIB,4,4,OR-Tools PDLP-SAA,nan,0.006014099984895438,False,100,0.0,1.0,0.0,0.0,0.5022949261545253,0.5793903997510056,400
semi-integer,NETLIB,4,4,Bertsimas-Sim(γ=3.0),-225131531.65286097,0.002348899986827746,True,parametric robust (γ=3.0),1.0,0.0,-277182752.37587315,17515799.152044483,0.0,0.0,400
semi-integer,NETLIB,4,4,CVaR-LP(α=0.95),nan,0.007164099981309846,False,100,0.0,1.0,0.0,0.0,0.5022949261545253,0.5793903997510056,400
semi-integer,NETLIB,4,4,FuzzyPD-LP,-88111431.35442238,0.040518099995097145,True,BS(γ=5.0)+AdvSAA(100)+Combo,1.0,0.0,-87941623.92088486,5557228.37573887,0.0,0.0,400
semi-integer,NETLIB,4,4,TSAR-BS-only,-88111431.35442238,0.020267099986085668,True,BS-only(γ=5.0),1.0,0.0,-87941623.92088486,5557228.37573887,0.0,0.0,400
semi-integer,NETLIB,4,4,TSAR-Adv-only,-786.006096051636,0.009004899999126792,True,AdvSAA-only(S=100),1.0,0.0,-784.4781236651959,49.82296523659793,0.0,0.0,400
semi-integer,NETLIB,4,4,TSAR-No-calib,-526281833.2762334,0.05131199999595992,True,No-calibration(fixed γ=2.0),1.0,0.0,-525267588.4516449,33192835.591501825,0.0,0.0,400
gesa2,NETLIB,1224,1344,Nominal-LP,20622052.32369438,1.7589680000000953,True,deterministic (mean only),0.0,1.0,20627748.677628558,213108.3791476943,62.28412849422725,130.61460501833807,304
gesa2,NETLIB,1224,1344,HiGHS-SAA,nan,166.56749880000098,False,100,0.0,1.0,0.0,0.0,513.3685839032895,573.7261013089125,304
gesa2,NETLIB,1224,1344,OR-Tools GLOP-SAA,nan,262.47167850000005,False,100,0.0,1.0,0.0,0.0,513.3685839032895,573.7261013089125,304
gesa2,NETLIB,1224,1344,OR-Tools PDLP-SAA,nan,286.2242565999986,False,100,0.0,1.0,0.0,0.0,513.3685839032895,573.7261013089125,304
gesa2,NETLIB,1224,1344,Bertsimas-Sim(γ=3.0),nan,121.64805239999987,False,parametric robust (γ=3.0),0.0,1.0,0.0,0.0,513.3685839032895,573.7261013089125,304
gesa2,NETLIB,1224,1344,CVaR-LP(α=0.95),nan,158.99519340000006,False,100,0.0,1.0,0.0,0.0,513.3685839032895,573.7261013089125,304
gesa2,NETLIB,1224,1344,FuzzyPD-LP,0.0,1067.9268035000005,True,BS(γ=5.0)+AdvSAA(100)+Combo,0.0,1.0,0.0,0.0,513.3685839032895,573.7261013089125,304
gesa2,NETLIB,1224,1344,TSAR-BS-only,0.0,546.7297221999997,True,BS-only(γ=5.0),0.0,1.0,0.0,0.0,513.3685839032895,573.7261013089125,304
gesa2,NETLIB,1224,1344,TSAR-Adv-only,0.0,302.7390801999991,True,AdvSAA-only(S=100),0.0,1.0,0.0,0.0,513.3685839032895,573.7261013089125,304
gesa2,NETLIB,1224,1344,TSAR-No-calib,0.0,65.80365279999933,True,No-calibration(fixed γ=2.0),0.0,1.0,0.0,0.0,513.3685839032895,573.7261013089125,304
cap41,OR-Library,816,866,Nominal-LP,959318.15,0.022259399999711604,True,deterministic (mean only),0.0,1.0,959508.886919534,12402.502333975513,691.6958353498302,2668.2250962913004,400
cap41,OR-Library,816,866,HiGHS-SAA,1136197.542468636,72.2364262000001,True,100,0.2425,0.7575000000000001,1136652.152297837,12628.819523911407,68.78147358628578,10428.282298119644,400
cap41,OR-Library,816,866,OR-Tools GLOP-SAA,nan,109.24796389999983,False,100,0.0,1.0,0.0,0.0,1.1301011312118112,1.1801298875219512,400
cap41,OR-Library,816,866,OR-Tools PDLP-SAA,nan,190.68348640000022,False,100,0.0,1.0,0.0,0.0,1.1301011312118112,1.1801298875219512,400
cap41,OR-Library,816,866,Bertsimas-Sim(γ=3.0),1491317.1525102572,0.4782350000000406,True,parametric robust (γ=3.0),1.0,0.0,1320667.2206087366,14491.576558144081,0.0,0.0,400
cap41,OR-Library,816,866,CVaR-LP(α=0.95),1137677.592659715,72.25252769999997,True,100,0.26,0.74,1137896.3683396664,12337.975695690719,30.254628640379305,3326.911068331859,400
cap41,OR-Library,816,866,FuzzyPD-LP,1632187.7632511128,352.7676488000002,True,BS(γ=5.0)+AdvSAA(100)+Combo,1.0,0.0,1632430.6050134199,17478.276761249184,0.0,0.0,400
cap41,OR-Library,816,866,TSAR-BS-only,1632187.7632511128,8.957576900000277,True,BS-only(γ=5.0),1.0,0.0,1632430.6050134199,17478.276761249184,0.0,0.0,400
cap41,OR-Library,816,866,TSAR-Adv-only,0.0,176.82901349999975,True,AdvSAA-only(S=100),0.0,1.0,0.0,0.0,1.1301011312118112,1.1801298875219512,400
cap41,OR-Library,816,866,TSAR-No-calib,1186289.1537506417,1.4890871000002335,True,No-calibration(fixed γ=2.0),0.9425,0.057499999999999996,1186404.8771435418,13501.023963354932,0.000588476258342891,0.026930337043698023,400
cap42,OR-Library,816,866,Nominal-LP,1019524.6375000001,0.024417800000264833,True,deterministic (mean only),0.0,1.0,1019948.9564858887,11305.875915963337,938.8839136450363,3819.6885900087836,400
cap42,OR-Library,816,866,HiGHS-SAA,1205855.4169163285,69.36572039999919,True,100,0.2,0.8,1205642.5013650972,12743.058671148909,18.301002421382492,887.2945510500767,400
cap42,OR-Library,816,866,OR-Tools GLOP-SAA,1205855.4190047465,119.81249879999996,True,100,0.2,0.8,1205642.5033914838,12743.058544631678,18.30100207413163,887.294527150803,400
cap42,OR-Library,816,866,OR-Tools PDLP-SAA,nan,203.52299549999952,False,100,0.0,1.0,0.0,0.0,1.1301011312118112,1.1801298875219512,400
cap42,OR-Library,816,866,Bertsimas-Sim(γ=3.0),1590052.6411854774,0.6177951999998186,True,parametric robust (γ=3.0),1.0,0.0,1410013.8085821844,15633.914523555175,0.0,0.0,400
cap42,OR-Library,816,866,CVaR-LP(α=0.95),1207443.1954459772,83.97176109999964,True,100,0.2175,0.7825,1207704.115017666,11999.45324918441,18.20121964367768,977.0646268296553,400
cap42,OR-Library,816,866,FuzzyPD-LP,1761711.263111533,388.81549220000034,True,BS(γ=5.0)+AdvSAA(100)+Combo,1.0,0.0,1762097.5231710002,19403.423581376006,0.0,0.0,400
cap42,OR-Library,816,866,TSAR-BS-only,1761711.263111533,8.776856799999223,True,BS-only(γ=5.0),1.0,0.0,1762097.5231710002,19403.423581376006,0.0,0.0,400
cap42,OR-Library,816,866,TSAR-Adv-only,0.0,193.4421757,True,AdvSAA-only(S=100),0.0,1.0,0.0,0.0,1.1301011312118112,1.1801298875219512,400
cap42,OR-Library,816,866,TSAR-No-calib,1263454.7866223196,1.4877208000007158,True,No-calibration(fixed γ=2.0),0.95,0.050000000000000044,1263812.3141363806,14265.768496598992,0.0004800330150935174,0.033651838904271036,400
cap43,OR-Library,816,866,Nominal-LP,1055193.3,0.020865800000137824,True,deterministic (mean only),0.0,1.0,1055308.2248121684,11997.417076019374,1145.726288989195,5354.237878179532,400
cap43,OR-Library,816,866,HiGHS-SAA,1254552.0405979636,80.37775460000012,True,100,0.275,0.725,1253624.3962104735,13121.025345486594,19.74856326825368,1434.2165445237692,400
cap43,OR-Library,816,866,OR-Tools GLOP-SAA,nan,121.71210879999944,False,100,0.0,1.0,0.0,0.0,1.1301011312118112,1.1801298875219512,400
cap43,OR-Library,816,866,OR-Tools PDLP-SAA,nan,202.95107300000018,False,100,0.0,1.0,0.0,0.0,1.1301011312118112,1.1801298875219512,400
cap43,OR-Library,816,866,Bertsimas-Sim(γ=3.0),1660679.6154288375,0.7153336999999738,True,parametric robust (γ=3.0),1.0,0.0,1458034.4067117574,17475.031933550203,0.0,0.0,400
cap43,OR-Library,816,866,CVaR-LP(α=0.95),1256302.3285537343,91.29350119999981,True,100,0.27,0.73,1256480.8876488118,11038.018369884005,22.519257004052978,1461.1822080333363,400
cap43,OR-Library,816,866,FuzzyPD-LP,1829318.9828828527,407.47801059999983,True,BS(γ=5.0)+AdvSAA(100)+Combo,1.0,0.0,1829304.9282589694,21663.22661153186,0.0,0.0,400
cap43,OR-Library,816,866,TSAR-BS-only,1829318.9828828527,9.799741000000722,True,BS-only(γ=5.0),1.0,0.0,1829304.9282589694,21663.22661153186,0.0,0.0,400
cap43,OR-Library,816,866,TSAR-Adv-only,0.0,222.29630480000014,True,AdvSAA-only(S=100),0.0,1.0,0.0,0.0,1.1301011312118112,1.1801298875219512,400
cap43,OR-Library,816,866,TSAR-No-calib,1308808.016509153,1.3024490000007063,True,No-calibration(fixed γ=2.0),0.9425,0.057499999999999996,1308667.623257742,15837.77123971749,0.0005828825882801507,0.03365181064635525,400
cap44,OR-Library,816,866,Nominal-LP,1097780.625,0.03264529999978549,True,deterministic (mean only),0.0,1.0,1098160.5311303518,10741.168582271877,1395.1814159395958,7526.596640839827,400
cap44,OR-Library,816,866,HiGHS-SAA,1306789.8958663798,78.86015399999997,True,100,0.34,0.6599999999999999,1305872.097031526,12923.38684945745,20.325969741451935,1693.7233938896472,400
cap44,OR-Library,816,866,OR-Tools GLOP-SAA,nan,185.72632519999934,False,100,0.0,1.0,0.0,0.0,1.1301011312118112,1.1801298875219512,400
cap44,OR-Library,816,866,OR-Tools PDLP-SAA,nan,200.11901319999924,False,100,0.0,1.0,0.0,0.0,1.1301011312118112,1.1801298875219512,400
cap44,OR-Library,816,866,Bertsimas-Sim(γ=3.0),1742938.334862816,0.6904412000003504,True,parametric robust (γ=3.0),1.0,0.0,1537431.1757480288,18101.243315126452,0.0,0.0,400
cap44,OR-Library,816,866,CVaR-LP(α=0.95),1306567.904096618,99.26120699999956,True,100,0.33,0.6699999999999999,1306897.087790779,11824.088061589626,20.045829584937273,1756.0994057251705,400
cap44,OR-Library,816,866,FuzzyPD-LP,1937461.7830189865,420.86326610000106,True,BS(γ=5.0)+AdvSAA(100)+Combo,1.0,0.0,1937055.4580659121,22698.74888905294,0.0,0.0,400
cap44,OR-Library,816,866,TSAR-BS-only,1937461.7830189865,10.423141800001758,True,BS-only(γ=5.0),1.0,0.0,1937055.4580659121,22698.74888905294,0.0,0.0,400
cap44,OR-Library,816,866,TSAR-Adv-only,0.0,222.92377970000052,True,AdvSAA-only(S=100),0.0,1.0,0.0,0.0,1.1301011312118112,1.1801298875219512,400
cap44,OR-Library,816,866,TSAR-No-calib,1384343.2745321922,1.294957100000829,True,No-calibration(fixed γ=2.0),0.9525,0.04749999999999999,1384778.3393261868,13155.90299451536,0.0005838110493276488,0.035627456107459654,400
cap46,OR-Library,816,866,Nominal-LP,1044928.6875,0.023071199999321834,True,deterministic (mean only),0.0,1.0,1045207.0487365702,12400.552733445928,805.5368521458275,3326.9365886198952,400
cap46,OR-Library,816,866,HiGHS-SAA,1234965.4576840585,86.21821749999981,True,100,0.2825,0.7175,1235025.0200923365,12371.371572552138,19.441660367286588,1054.6051977666552,400
cap46,OR-Library,816,866,OR-Tools GLOP-SAA,1234965.4590027067,124.05321139999978,True,100,0.2825,0.7175,1235025.0213309748,12371.371330777472,19.44166045841837,1054.6051987355872,400
cap46,OR-Library,816,866,OR-Tools PDLP-SAA,nan,202.59783590000006,False,100,0.0,1.0,0.0,0.0,1.1301011312118112,1.1801298875219512,400
cap46,OR-Library,816,866,Bertsimas-Sim(γ=3.0),1610995.7305157685,0.7771260999998049,True,parametric robust (γ=3.0),1.0,0.0,1437615.2617392866,15140.26547339179,0.0,0.0,400
cap46,OR-Library,816,866,CVaR-LP(α=0.95),1235421.3389721562,141.14505200000167,True,100,0.2575,0.7424999999999999,1235680.6372059258,12045.421001201115,19.903850275450484,1059.7699294471931,400
cap46,OR-Library,816,866,FuzzyPD-LP,1784876.6494356277,685.2297899999994,True,BS(γ=5.0)+AdvSAA(100)+Combo,1.0,0.0,1785272.4386522768,18491.38877866073,0.0,0.0,400
cap46,OR-Library,816,866,TSAR-BS-only,1784876.6494356277,11.966743299999507,True,BS-only(γ=5.0),1.0,0.0,1785272.4386522768,18491.38877866073,0.0,0.0,400
cap46,OR-Library,816,866,TSAR-Adv-only,0.0,198.24908289999985,True,AdvSAA-only(S=100),0.0,1.0,0.0,0.0,1.1301011312118112,1.1801298875219512,400
cap46,OR-Library,816,866,TSAR-No-calib,1291865.9714966135,1.4872043000013946,True,No-calibration(fixed γ=2.0),0.9475,0.05249999999999999,1292022.7869461605,13737.422112285221,0.0006038320009013659,0.03562759069967503,400
cap47,OR-Library,816,866,Nominal-LP,1034976.9750000001,0.04923840000083146,True,deterministic (mean only),0.0,1.0,1035232.5756019854,11491.527606345055,0.20296487120800083,0.34170711096417494,400
cap47,OR-Library,816,866,HiGHS-SAA,1227108.7361168265,125.89308150000033,True,100,0.3075,0.6925,1227335.959968836,11632.563694747714,0.011763872745723937,0.08087454036979391,400
cap47,OR-Library,816,866,OR-Tools GLOP-SAA,1227108.7371885278,124.08277139999882,True,100,0.3075,0.6925,1227335.9609546484,11632.563375533815,0.01176387696760952,0.08087453550683588,400
cap47,OR-Library,816,866,OR-Tools PDLP-SAA,nan,202.68233109999892,False,100,0.0,1.0,0.0,0.0,1.1301011312118112,1.1801298875219512,400
cap47,OR-Library,816,866,Bertsimas-Sim(γ=3.0),1596405.7568116314,0.6066602999999304,True,parametric robust (γ=3.0),1.0,0.0,1425719.093581984,14878.949871174353,0.0,0.0,400
cap47,OR-Library,816,866,CVaR-LP(α=0.95),1227470.8715593803,94.42673470000045,True,100,0.285,0.7150000000000001,1227722.4574794755,11549.953746434563,0.011725582886278228,0.07993936533585866,400
cap47,OR-Library,816,866,FuzzyPD-LP,1762158.7107093127,382.1659131999986,True,BS(γ=5.0)+AdvSAA(100)+Combo,1.0,0.0,1762286.7772116691,17852.338070507853,0.0,0.0,400
cap47,OR-Library,816,866,TSAR-BS-only,1762158.7107093127,11.64512630000172,True,BS-only(γ=5.0),1.0,0.0,1762286.7772116691,17852.338070507853,0.0,0.0,400
cap47,OR-Library,816,866,TSAR-Adv-only,0.0,221.41649210000105,True,AdvSAA-only(S=100),0.0,1.0,0.0,0.0,1.1301011312118112,1.1801298875219512,400
cap47,OR-Library,816,866,TSAR-No-calib,1280449.4652313162,1.522686899999826,True,No-calibration(fixed γ=2.0),0.9425,0.057499999999999996,1280609.0349934378,13461.17909434625,0.0006482728947010443,0.03562760396090314,400
cap51,OR-Library,816,866,Nominal-LP,1020976.3125,0.02117759999964619,True,deterministic (mean only),0.0,1.0,1021265.4458105387,12564.114133870422,941.575646153425,3566.4481550508954,400
cap51,OR-Library,816,866,HiGHS-SAA,1208466.3097161835,72.46966799999791,True,100,0.1925,0.8075,1208535.057140036,12363.137154666641,17.34532289697544,900.5498650704966,400
cap51,OR-Library,816,866,OR-Tools GLOP-SAA,nan,117.40459009999904,False,100,0.0,1.0,0.0,0.0,1.1301011312118112,1.1801298875219512,400
cap51,OR-Library,816,866,OR-Tools PDLP-SAA,nan,201.89190229999804,False,100,0.0,1.0,0.0,0.0,1.1301011312118112,1.1801298875219512,400
cap51,OR-Library,816,866,Bertsimas-Sim(γ=3.0),1586801.3258667756,0.6738490999996429,True,parametric robust (γ=3.0),1.0,0.0,1411633.5242787395,14881.373877967582,0.0,0.0,400
cap51,OR-Library,816,866,CVaR-LP(α=0.95),1209297.489753202,81.91217589999724,True,100,0.1775,0.8225,1209728.0132266115,12311.69755684393,18.950336316272953,917.9722325012469,400
cap51,OR-Library,816,866,FuzzyPD-LP,1767928.9940185533,382.65229239999826,True,BS(γ=5.0)+AdvSAA(100)+Combo,1.0,0.0,1768233.0258841289,17742.381964086646,0.0,0.0,400
cap51,OR-Library,816,866,TSAR-BS-only,1767928.9940185533,9.587961799999903,True,BS-only(γ=5.0),1.0,0.0,1768233.0258841289,17742.381964086646,0.0,0.0,400
cap51,OR-Library,816,866,TSAR-Adv-only,0.0,190.48500259999855,True,AdvSAA-only(S=100),0.0,1.0,0.0,0.0,1.1301011312118112,1.1801298875219512,400
cap51,OR-Library,816,866,TSAR-No-calib,1268465.0148334722,1.2292073000025994,True,No-calibration(fixed γ=2.0),0.945,0.05500000000000005,1268764.4589627853,13568.088556045277,0.0005215390577794348,0.03365190478226299,400
cap55,OR-Library,816,866,Nominal-LP,1020976.3125,0.01970879999862518,True,deterministic (mean only),0.0,1.0,1021265.4458105387,12564.114133870422,941.575646153425,3566.4481550508954,400
cap55,OR-Library,816,866,HiGHS-SAA,1208466.3097161835,73.42694230000052,True,100,0.1925,0.8075,1208535.057140036,12363.137154666641,17.34532289697544,900.5498650704966,400
cap55,OR-Library,816,866,OR-Tools GLOP-SAA,nan,118.12770210000235,False,100,0.0,1.0,0.0,0.0,1.1301011312118112,1.1801298875219512,400
cap55,OR-Library,816,866,OR-Tools PDLP-SAA,nan,202.895822100003,False,100,0.0,1.0,0.0,0.0,1.1301011312118112,1.1801298875219512,400
cap55,OR-Library,816,866,Bertsimas-Sim(γ=3.0),1586801.3258667756,0.6976868000019749,True,parametric robust (γ=3.0),1.0,0.0,1411633.5242787395,14881.373877967582,0.0,0.0,400
cap55,OR-Library,816,866,CVaR-LP(α=0.95),nan,170.72276440000132,False,100,0.0,1.0,0.0,0.0,1.1301011312118112,1.1801298875219512,400
cap55,OR-Library,816,866,FuzzyPD-LP,1767928.9940185533,543.1900295999985,True,BS(γ=5.0)+AdvSAA(100)+Combo,1.0,0.0,1768233.0258841289,17742.381964086646,0.0,0.0,400
cap55,OR-Library,816,866,TSAR-BS-only,1767928.9940185533,9.461481599999388,True,BS-only(γ=5.0),1.0,0.0,1768233.0258841289,17742.381964086646,0.0,0.0,400
cap55,OR-Library,816,866,TSAR-Adv-only,0.0,189.0058050000007,True,AdvSAA-only(S=100),0.0,1.0,0.0,0.0,1.1301011312118112,1.1801298875219512,400
cap55,OR-Library,816,866,TSAR-No-calib,1268465.0148334722,1.28327039999931,True,No-calibration(fixed γ=2.0),0.945,0.05500000000000005,1268764.4589627853,13568.088556045277,0.0005215390577794348,0.03365190478226299,400
cap56,OR-Library,816,866,Nominal-LP,1020976.3125,0.053682199999457225,True,deterministic (mean only),0.0,1.0,1021265.4458105387,12564.114133870422,941.575646153425,3566.4481550508954,400
cap56,OR-Library,816,866,HiGHS-SAA,1208466.3097161835,144.4564621999998,True,100,0.1925,0.8075,1208535.057140036,12363.137154666641,17.34532289697544,900.5498650704966,400
cap56,OR-Library,816,866,OR-Tools GLOP-SAA,nan,116.44094190000033,False,100,0.0,1.0,0.0,0.0,1.1301011312118112,1.1801298875219512,400
cap56,OR-Library,816,866,OR-Tools PDLP-SAA,nan,200.7883077999977,False,100,0.0,1.0,0.0,0.0,1.1301011312118112,1.1801298875219512,400
cap56,OR-Library,816,866,Bertsimas-Sim(γ=3.0),1586801.3258667756,0.7018277999995917,True,parametric robust (γ=3.0),1.0,0.0,1411633.5242787395,14881.373877967582,0.0,0.0,400
cap56,OR-Library,816,866,CVaR-LP(α=0.95),1209297.489753202,82.81080719999954,True,100,0.1775,0.8225,1209728.0132266115,12311.69755684393,18.950336316272953,917.9722325012469,400
cap56,OR-Library,816,866,FuzzyPD-LP,1767928.9940185533,379.90362190000087,True,BS(γ=5.0)+AdvSAA(100)+Combo,1.0,0.0,1768233.0258841289,17742.381964086646,0.0,0.0,400
cap56,OR-Library,816,866,TSAR-BS-only,1767928.9940185533,9.111882499997591,True,BS-only(γ=5.0),1.0,0.0,1768233.0258841289,17742.381964086646,0.0,0.0,400
cap56,OR-Library,816,866,TSAR-Adv-only,0.0,189.09072359999846,True,AdvSAA-only(S=100),0.0,1.0,0.0,0.0,1.1301011312118112,1.1801298875219512,400
cap56,OR-Library,816,866,TSAR-No-calib,1268465.0148334722,1.2030204000002414,True,No-calibration(fixed γ=2.0),0.945,0.05500000000000005,1268764.4589627853,13568.088556045277,0.0005215390577794348,0.03365190478226299,400
cap57,OR-Library,816,866,Nominal-LP,1020976.3125,0.020875900001556147,True,deterministic (mean only),0.0,1.0,1021265.4458105387,12564.114133870422,941.575646153425,3566.4481550508954,400
cap57,OR-Library,816,866,HiGHS-SAA,1208466.3097161835,72.72971370000232,True,100,0.1925,0.8075,1208535.057140036,12363.137154666641,17.34532289697544,900.5498650704966,400
cap57,OR-Library,816,866,OR-Tools GLOP-SAA,nan,117.88174960000106,False,100,0.0,1.0,0.0,0.0,1.1301011312118112,1.1801298875219512,400
cap57,OR-Library,816,866,OR-Tools PDLP-SAA,nan,202.76045729999896,False,100,0.0,1.0,0.0,0.0,1.1301011312118112,1.1801298875219512,400
cap57,OR-Library,816,866,Bertsimas-Sim(γ=3.0),1586801.3258667756,0.7704936000009184,True,parametric robust (γ=3.0),1.0,0.0,1411633.5242787395,14881.373877967582,0.0,0.0,400
cap57,OR-Library,816,866,CVaR-LP(α=0.95),1209297.489753202,82.88036450000072,True,100,0.1775,0.8225,1209728.0132266115,12311.69755684393,18.950336316272953,917.9722325012469,400
cap57,OR-Library,816,866,FuzzyPD-LP,1767928.9940185533,417.68004740000106,True,BS(γ=5.0)+AdvSAA(100)+Combo,1.0,0.0,1768233.0258841289,17742.381964086646,0.0,0.0,400
cap57,OR-Library,816,866,TSAR-BS-only,1767928.9940185533,9.969805300002918,True,BS-only(γ=5.0),1.0,0.0,1768233.0258841289,17742.381964086646,0.0,0.0,400
cap57,OR-Library,816,866,TSAR-Adv-only,0.0,217.7087098000011,True,AdvSAA-only(S=100),0.0,1.0,0.0,0.0,1.1301011312118112,1.1801298875219512,400
cap57,OR-Library,816,866,TSAR-No-calib,1268465.0148334722,1.3055946999993466,True,No-calibration(fixed γ=2.0),0.945,0.05500000000000005,1268764.4589627853,13568.088556045277,0.0005215390577794348,0.03365190478226299,400
cap58,OR-Library,816,866,Nominal-LP,1020976.3125,0.02985370000169496,True,deterministic (mean only),0.0,1.0,1021265.4458105387,12564.114133870422,941.575646153425,3566.4481550508954,400
cap58,OR-Library,816,866,HiGHS-SAA,1208466.3097161835,73.05768100000205,True,100,0.1925,0.8075,1208535.057140036,12363.137154666641,17.34532289697544,900.5498650704966,400
cap58,OR-Library,816,866,OR-Tools GLOP-SAA,nan,116.17034670000066,False,100,0.0,1.0,0.0,0.0,1.1301011312118112,1.1801298875219512,400
cap58,OR-Library,816,866,OR-Tools PDLP-SAA,nan,201.34873770000195,False,100,0.0,1.0,0.0,0.0,1.1301011312118112,1.1801298875219512,400
cap58,OR-Library,816,866,Bertsimas-Sim(γ=3.0),1586801.3258667756,0.7973572000009881,True,parametric robust (γ=3.0),1.0,0.0,1411633.5242787395,14881.373877967582,0.0,0.0,400
cap58,OR-Library,816,866,CVaR-LP(α=0.95),1209297.489753202,81.41733590000149,True,100,0.1775,0.8225,1209728.0132266115,12311.69755684393,18.950336316272953,917.9722325012469,400
cap58,OR-Library,816,866,FuzzyPD-LP,1767928.9940185533,393.20656410000083,True,BS(γ=5.0)+AdvSAA(100)+Combo,1.0,0.0,1768233.0258841289,17742.381964086646,0.0,0.0,400
cap58,OR-Library,816,866,TSAR-BS-only,1767928.9940185533,10.160894200002076,True,BS-only(γ=5.0),1.0,0.0,1768233.0258841289,17742.381964086646,0.0,0.0,400
cap58,OR-Library,816,866,TSAR-Adv-only,0.0,352.2536536999978,True,AdvSAA-only(S=100),0.0,1.0,0.0,0.0,1.1301011312118112,1.1801298875219512,400
cap58,OR-Library,816,866,TSAR-No-calib,1268465.0148334722,2.4092404000002716,True,No-calibration(fixed γ=2.0),0.945,0.05500000000000005,1268764.4589627853,13568.088556045277,0.0005215390577794348,0.03365190478226299,400
cap59,OR-Library,816,866,Nominal-LP,1020976.3125,0.03055079999830923,True,deterministic (mean only),0.0,1.0,1021265.4458105387,12564.114133870422,941.575646153425,3566.4481550508954,400
cap59,OR-Library,816,866,HiGHS-SAA,1208466.3097161835,72.85589130000153,True,100,0.1925,0.8075,1208535.057140036,12363.137154666641,17.34532289697544,900.5498650704966,400
cap59,OR-Library,816,866,OR-Tools GLOP-SAA,nan,119.11222239999915,False,100,0.0,1.0,0.0,0.0,1.1301011312118112,1.1801298875219512,400
cap59,OR-Library,816,866,OR-Tools PDLP-SAA,nan,202.83190799999647,False,100,0.0,1.0,0.0,0.0,1.1301011312118112,1.1801298875219512,400
cap59,OR-Library,816,866,Bertsimas-Sim(γ=3.0),1586801.3258667756,1.3746916000018246,True,parametric robust (γ=3.0),1.0,0.0,1411633.5242787395,14881.373877967582,0.0,0.0,400
cap59,OR-Library,816,866,CVaR-LP(α=0.95),nan,176.24211929999728,False,100,0.0,1.0,0.0,0.0,1.1301011312118112,1.1801298875219512,400
cap59,OR-Library,816,866,FuzzyPD-LP,1767928.9940185533,390.53125769999315,True,BS(γ=5.0)+AdvSAA(100)+Combo,1.0,0.0,1768233.0258841289,17742.381964086646,0.0,0.0,400
cap59,OR-Library,816,866,TSAR-BS-only,1767928.9940185533,9.337118900002679,True,BS-only(γ=5.0),1.0,0.0,1768233.0258841289,17742.381964086646,0.0,0.0,400
cap59,OR-Library,816,866,TSAR-Adv-only,0.0,190.085413599998,True,AdvSAA-only(S=100),0.0,1.0,0.0,0.0,1.1301011312118112,1.1801298875219512,400
cap59,OR-Library,816,866,TSAR-No-calib,1268465.0148334722,1.160640299996885,True,No-calibration(fixed γ=2.0),0.945,0.05500000000000005,1268764.4589627853,13568.088556045277,0.0005215390577794348,0.03365190478226299,400
cap61,OR-Library,816,866,Nominal-LP,932615.75,0.03428690000146162,True,deterministic (mean only),0.0,1.0,932850.5910012308,12255.347294469244,82.29836870949195,1741.6792466137802,400
cap61,OR-Library,816,866,HiGHS-SAA,nan,66.37233019999985,False,100,0.0,1.0,0.0,0.0,1.1301011312118112,1.1801298875219512,400
cap61,OR-Library,816,866,OR-Tools GLOP-SAA,1105973.4173113967,112.69365430000471,True,100,0.2725,0.7275,1106765.4027103146,13594.71022938847,8.595973581006954,696.4731890682077,400
cap61,OR-Library,816,866,OR-Tools PDLP-SAA,nan,199.58514930000092,False,100,0.0,1.0,0.0,0.0,1.1301011312118112,1.1801298875219512,400
cap61,OR-Library,816,866,Bertsimas-Sim(γ=3.0),1441583.2705159045,0.6146806000033394,True,parametric robust (γ=3.0),1.0,0.0,1277122.7672458284,14406.92920115211,0.0,0.0,400
cap61,OR-Library,816,866,CVaR-LP(α=0.95),1108235.52304726,78.1418457999971,True,100,0.2575,0.7424999999999999,1108334.8298169924,11958.117258382068,87.42762403479695,13834.275274293363,400
cap61,OR-Library,816,866,FuzzyPD-LP,1571820.6950820638,389.6354363999999,True,BS(γ=5.0)+AdvSAA(100)+Combo,1.0,0.0,1572030.6477493513,16740.308885218805,0.0,0.0,400
cap61,OR-Library,816,866,TSAR-BS-only,1571820.6950820638,9.077466599999752,True,BS-only(γ=5.0),1.0,0.0,1572030.6477493513,16740.308885218805,0.0,0.0,400
cap61,OR-Library,816,866,TSAR-Adv-only,0.0,304.4126879000032,True,AdvSAA-only(S=100),0.0,1.0,0.0,0.0,1.1301011312118112,1.1801298875219512,400
cap61,OR-Library,816,866,TSAR-No-calib,1148868.6723735565,1.2098085000034189,True,No-calibration(fixed γ=2.0),0.95,0.050000000000000044,1149006.193335562,13414.876336099036,0.0005042001759641592,0.03291447701505163,400
cap62,OR-Library,816,866,Nominal-LP,977799.4,0.021239499998046085,True,deterministic (mean only),0.0,1.0,978158.3754728911,12452.799186234044,82.29763913346673,1741.6792466318475,400
cap62,OR-Library,816,866,HiGHS-SAA,1159504.6814325189,72.19243589999678,True,100,0.205,0.795,1159808.1548598679,12599.362992647159,53.719643484855844,8081.5942607836,400
cap62,OR-Library,816,866,OR-Tools GLOP-SAA,1159614.0978135467,114.11297159999958,True,100,0.195,0.8049999999999999,1159928.1598390704,12536.932139470679,45.29407752955545,6523.565711230857,400
cap62,OR-Library,816,866,OR-Tools PDLP-SAA,nan,200.60781059999863,False,100,0.0,1.0,0.0,0.0,1.1301011312118112,1.1801298875219512,400
cap62,OR-Library,816,866,Bertsimas-Sim(γ=3.0),1515269.635024112,0.7096744000009494,True,parametric robust (γ=3.0),1.0,0.0,1342328.2578005367,14547.658114850366,0.0,0.0,400
cap62,OR-Library,816,866,CVaR-LP(α=0.95),1160835.311969812,86.33163929999864,True,100,0.2075,0.7925,1161078.438209585,11786.70052321273,46.54832169411891,6632.926455207353,400
cap62,OR-Library,816,866,FuzzyPD-LP,1657913.2910197107,489.8510629000011,True,BS(γ=5.0)+AdvSAA(100)+Combo,1.0,0.0,1658237.5523201437,17105.286308065755,0.0,0.0,400
cap62,OR-Library,816,866,TSAR-BS-only,1657913.2910197107,9.864927399998123,True,BS-only(γ=5.0),1.0,0.0,1658237.5523201437,17105.286308065755,0.0,0.0,400
cap62,OR-Library,816,866,TSAR-Adv-only,0.0,209.22583339999983,True,AdvSAA-only(S=100),0.0,1.0,0.0,0.0,1.1301011312118112,1.1801298875219512,400
cap62,OR-Library,816,866,TSAR-No-calib,1208186.8375518147,1.2700571999957901,True,No-calibration(fixed γ=2.0),0.9425,0.057499999999999996,1208368.830743643,13502.562501135395,0.0005667884132155371,0.03365189097574928,400
cap63,OR-Library,816,866,Nominal-LP,1012407.6625,0.050384100002702326,True,deterministic (mean only),0.0,1.0,1012781.1502814431,12416.778257773582,849.0964693147776,3524.4883993832677,400
cap63,OR-Library,816,866,HiGHS-SAA,1196992.4467081504,143.667893299993,True,100,0.17,0.83,1197529.6109972608,12186.882222948501,46.034314902922326,6413.370056916378,400
cap63,OR-Library,816,866,OR-Tools GLOP-SAA,nan,116.19228110000404,False,100,0.0,1.0,0.0,0.0,1.1301011312118112,1.1801298875219512,400
cap63,OR-Library,816,866,OR-Tools PDLP-SAA,nan,201.7533878000031,False,100,0.0,1.0,0.0,0.0,1.1301011312118112,1.1801298875219512,400
cap63,OR-Library,816,866,Bertsimas-Sim(γ=3.0),1563585.2315617683,0.60737180000433,True,parametric robust (γ=3.0),1.0,0.0,1395568.3012483534,14713.933046913708,0.0,0.0,400
cap63,OR-Library,816,866,CVaR-LP(α=0.95),1197605.8455938662,82.16858530000172,True,100,0.185,0.815,1197968.1258210891,11711.922360213279,18.350111774082,872.0920602844506,400
cap63,OR-Library,816,866,FuzzyPD-LP,1720238.5151983837,399.205066100003,True,BS(γ=5.0)+AdvSAA(100)+Combo,1.0,0.0,1720659.8315014846,17736.36496412979,0.0,0.0,400
cap63,OR-Library,816,866,TSAR-BS-only,1720238.5151983837,10.113433000005898,True,BS-only(γ=5.0),1.0,0.0,1720659.8315014846,17736.36496412979,0.0,0.0,400
cap63,OR-Library,816,866,TSAR-Adv-only,0.0,205.21580090000498,True,AdvSAA-only(S=100),0.0,1.0,0.0,0.0,1.1301011312118112,1.1801298875219512,400
cap63,OR-Library,816,866,TSAR-No-calib,1254361.4486953346,1.2195310999959474,True,No-calibration(fixed γ=2.0),0.945,0.05500000000000005,1254698.2632443493,13435.020090616803,0.0005215413569438571,0.03365193884693962,400
cap64,OR-Library,816,866,Nominal-LP,1044928.6875,0.021157099996344186,True,deterministic (mean only),0.0,1.0,1045207.0487365702,12400.552733445928,805.5368521458275,3326.9365886198952,400
cap64,OR-Library,816,866,HiGHS-SAA,1234965.4576840585,86.07405980000476,True,100,0.2825,0.7175,1235025.0200923365,12371.371572552138,19.441660367286588,1054.6051977666552,400
cap64,OR-Library,816,866,OR-Tools GLOP-SAA,1234965.4590027067,149.2664864000035,True,100,0.2825,0.7175,1235025.0213309748,12371.371330777472,19.44166045841837,1054.6051987355872,400
cap64,OR-Library,816,866,OR-Tools PDLP-SAA,nan,218.00115710000682,False,100,0.0,1.0,0.0,0.0,1.1301011312118112,1.1801298875219512,400
cap64,OR-Library,816,866,Bertsimas-Sim(γ=3.0),1610995.7305157685,0.8685473000005004,True,parametric robust (γ=3.0),1.0,0.0,1437615.2617392866,15140.26547339179,0.0,0.0,400
cap64,OR-Library,816,866,CVaR-LP(α=0.95),1235421.3389721562,95.49897169999895,True,100,0.2575,0.7424999999999999,1235680.6372059258,12045.421001201115,19.903850275450484,1059.7699294471931,400
cap64,OR-Library,816,866,FuzzyPD-LP,1784876.6494356277,402.93205010000383,True,BS(γ=5.0)+AdvSAA(100)+Combo,1.0,0.0,1785272.4386522768,18491.38877866073,0.0,0.0,400
cap64,OR-Library,816,866,TSAR-BS-only,1784876.6494356277,9.688627199997427,True,BS-only(γ=5.0),1.0,0.0,1785272.4386522768,18491.38877866073,0.0,0.0,400
cap64,OR-Library,816,866,TSAR-Adv-only,0.0,208.5029499999946,True,AdvSAA-only(S=100),0.0,1.0,0.0,0.0,1.1301011312118112,1.1801298875219512,400
cap64,OR-Library,816,866,TSAR-No-calib,1291865.9714966135,1.3892802999980631,True,No-calibration(fixed γ=2.0),0.9475,0.05249999999999999,1292022.7869461605,13737.422112285221,0.0006038320009013659,0.03562759069967503,400
cap71,OR-Library,816,866,Nominal-LP,932615.75,0.03326490000472404,True,deterministic (mean only),0.0,1.0,932850.5910012308,12255.347294469246,0.20153994111860044,0.31591382061458334,400
cap71,OR-Library,816,866,HiGHS-SAA,nan,77.14149449999968,False,100,0.0,1.0,0.0,0.0,1.1301011312118112,1.1801298875219512,400
cap71,OR-Library,816,866,OR-Tools GLOP-SAA,1105437.1678928358,173.68488729999808,True,100,0.2775,0.7224999999999999,1106431.4090952177,13168.868650335879,0.01446427332956924,0.08336371741940085,400
cap71,OR-Library,816,866,OR-Tools PDLP-SAA,nan,232.03924750000442,False,100,0.0,1.0,0.0,0.0,1.1301011312118112,1.1801298875219512,400
cap71,OR-Library,816,866,Bertsimas-Sim(γ=3.0),1439370.4757236207,0.6968960000012885,True,parametric robust (γ=3.0),1.0,0.0,1275302.2653443587,14398.31401267795,0.0,0.0,400
cap71,OR-Library,816,866,CVaR-LP(α=0.95),1107564.416246044,91.509673499997,True,100,0.2625,0.7375,1107649.1204704165,11917.679256716641,70.11753359795578,12684.482437531587,400
cap71,OR-Library,816,866,FuzzyPD-LP,1569030.1406036469,454.1826490999956,True,BS(γ=5.0)+AdvSAA(100)+Combo,1.0,0.0,1569220.893330543,16728.261849135077,0.0,0.0,400
cap71,OR-Library,816,866,TSAR-BS-only,1569030.1406036469,10.169872800004669,True,BS-only(γ=5.0),1.0,0.0,1569220.893330543,16728.261849135077,0.0,0.0,400
cap71,OR-Library,816,866,TSAR-Adv-only,0.0,229.81076549999852,True,AdvSAA-only(S=100),0.0,1.0,0.0,0.0,1.1301011312118112,1.1801298875219512,400
cap71,OR-Library,816,866,TSAR-No-calib,1146785.2774353053,1.256897300001583,True,No-calibration(fixed γ=2.0),0.9475,0.05249999999999999,1146920.1276859497,13436.840336520941,0.000562295742734795,0.03291448111374132,400
cap72,OR-Library,816,866,Nominal-LP,977799.4,0.0363428999989992,True,deterministic (mean only),0.0,1.0,978158.3754728911,12452.799186234046,0.2008141277334459,0.31591381556113735,400
cap72,OR-Library,816,866,HiGHS-SAA,nan,86.0170666999984,False,100,0.0,1.0,0.0,0.0,1.1301011312118112,1.1801298875219512,400
cap72,OR-Library,816,866,OR-Tools GLOP-SAA,1158564.4905092996,141.60810879999917,True,100,0.205,0.795,1159051.2462670612,12228.969858313681,36.06717732611288,6523.5688996888175,400
cap72,OR-Library,816,866,OR-Tools PDLP-SAA,nan,212.41151739999623,False,100,0.0,1.0,0.0,0.0,1.1301011312118112,1.1801298875219512,400
cap72,OR-Library,816,866,Bertsimas-Sim(γ=3.0),1510145.6075341518,0.6469830999994883,True,parametric robust (γ=3.0),1.0,0.0,1337312.77103557,14561.799944589495,0.0,0.0,400
cap72,OR-Library,816,866,CVaR-LP(α=0.95),nan,160.42633149999892,False,100,0.0,1.0,0.0,0.0,1.1301011312118112,1.1801298875219512,400
cap72,OR-Library,816,866,FuzzyPD-LP,1653257.1590128653,721.1634255000026,True,BS(γ=5.0)+AdvSAA(100)+Combo,1.0,0.0,1653558.8775906449,17040.446780699443,0.0,0.0,400
cap72,OR-Library,816,866,TSAR-BS-only,1653257.1590128653,16.675327899996773,True,BS-only(γ=5.0),1.0,0.0,1653558.8775906449,17040.446780699443,0.0,0.0,400
cap72,OR-Library,816,866,TSAR-Adv-only,0.0,347.24551970000175,True,AdvSAA-only(S=100),0.0,1.0,0.0,0.0,1.1301011312118112,1.1801298875219512,400
cap72,OR-Library,816,866,TSAR-No-calib,1204189.1027957797,2.1516504000028362,True,No-calibration(fixed γ=2.0),0.9425,0.057499999999999996,1204365.7608086213,13504.463158616833,0.0006218235638506186,0.033651891947887425,400
cap73,OR-Library,816,866,Nominal-LP,1010641.45,0.021471300002303906,True,deterministic (mean only),0.0,1.0,1010979.8571192679,11598.164880330842,0.1985051096380749,0.34170714658616225,400
cap73,OR-Library,816,866,HiGHS-SAA,1193189.6444391932,110.36533189999318,True,100,0.225,0.775,1193615.714795771,11360.95264016081,0.012639756838165189,0.08511101079027239,400
cap73,OR-Library,816,866,OR-Tools GLOP-SAA,1193179.015179683,144.76999870000145,True,100,0.16,0.84,1193621.0684679719,11377.291245562981,4.462481714064932,805.234854668925,400
cap73,OR-Library,816,866,OR-Tools PDLP-SAA,nan,205.2728139999963,False,100,0.0,1.0,0.0,0.0,1.1301011312118112,1.1801298875219512,400
cap73,OR-Library,816,866,Bertsimas-Sim(γ=3.0),1552953.6100901219,0.6328080000021146,True,parametric robust (γ=3.0),1.0,0.0,1382961.3351980024,14442.459532839574,0.0,0.0,400
cap73,OR-Library,816,866,CVaR-LP(α=0.95),1193682.2380907023,85.54389000000083,True,100,0.2375,0.7625,1193957.968527841,11393.09520300442,0.012466108033655084,0.08511109900140568,400
cap73,OR-Library,816,866,FuzzyPD-LP,1706531.8463680688,392.6889408999996,True,BS(γ=5.0)+AdvSAA(100)+Combo,1.0,0.0,1706871.521602367,17393.068831751516,0.0,0.0,400
cap73,OR-Library,816,866,TSAR-BS-only,1706531.8463680688,11.77005040000222,True,BS-only(γ=5.0),1.0,0.0,1706871.521602367,17393.068831751516,0.0,0.0,400
cap73,OR-Library,816,866,TSAR-Adv-only,0.0,206.4475539999985,True,AdvSAA-only(S=100),0.0,1.0,0.0,0.0,1.1301011312118112,1.1801298875219512,400
cap73,OR-Library,816,866,TSAR-No-calib,1244761.0568216648,1.467718199994124,True,No-calibration(fixed γ=2.0),0.9425,0.057499999999999996,1245041.7056592593,13242.422800440427,0.000585471421413753,0.033651941525832285,400
cap74,OR-Library,816,866,Nominal-LP,1034976.9750000001,0.022275999996054452,True,deterministic (mean only),0.0,1.0,1035232.5756019854,11491.527606345055,0.20296487120800083,0.34170711096417494,400
cap74,OR-Library,816,866,HiGHS-SAA,1227108.7361168265,81.18191510000179,True,100,0.3075,0.6925,1227335.959968836,11632.563694747714,0.011763872745723937,0.08087454036979391,400
cap74,OR-Library,816,866,OR-Tools GLOP-SAA,1227108.7371885278,125.13134659999923,True,100,0.3075,0.6925,1227335.9609546484,11632.563375533815,0.01176387696760952,0.08087453550683588,400
cap74,OR-Library,816,866,OR-Tools PDLP-SAA,nan,205.01103040000453,False,100,0.0,1.0,0.0,0.0,1.1301011312118112,1.1801298875219512,400
cap74,OR-Library,816,866,Bertsimas-Sim(γ=3.0),1596405.7568116314,0.6615282999991905,True,parametric robust (γ=3.0),1.0,0.0,1425719.093581984,14878.949871174353,0.0,0.0,400
cap74,OR-Library,816,866,CVaR-LP(α=0.95),1227470.8715593803,93.77359780000552,True,100,0.285,0.7150000000000001,1227722.4574794755,11549.953746434563,0.011725582886278228,0.07993936533585866,400
cap74,OR-Library,816,866,FuzzyPD-LP,1762158.7107093127,512.2795744999967,True,BS(γ=5.0)+AdvSAA(100)+Combo,1.0,0.0,1762286.7772116691,17852.338070507853,0.0,0.0,400
cap74,OR-Library,816,866,TSAR-BS-only,1762158.7107093127,76.67262489999848,True,BS-only(γ=5.0),1.0,0.0,1762286.7772116691,17852.338070507853,0.0,0.0,400
cap74,OR-Library,816,866,TSAR-Adv-only,0.0,474.8283261999968,True,AdvSAA-only(S=100),0.0,1.0,0.0,0.0,1.1301011312118112,1.1801298875219512,400
cap74,OR-Library,816,866,TSAR-No-calib,1280449.4652313162,3.486268499997095,True,No-calibration(fixed γ=2.0),0.9425,0.057499999999999996,1280609.0349934378,13461.17909434625,0.0006482728947010443,0.03562760396090314,400
abilene,SNDlib,450,44,Nominal-LP,nan,0.009789999996428378,False,deterministic (mean only),0.0,1.0,0.0,0.0,0.9516338712754355,1.0287079034186297,400
abilene,SNDlib,450,44,HiGHS-SAA,nan,121.43167479999829,False,100,0.0,1.0,0.0,0.0,0.9516338712754355,1.0287079034186297,400
abilene,SNDlib,450,44,OR-Tools GLOP-SAA,nan,6.199210999999195,False,100,0.0,1.0,0.0,0.0,0.9516338712754355,1.0287079034186297,400
abilene,SNDlib,450,44,OR-Tools PDLP-SAA,nan,8.388008800000534,False,100,0.0,1.0,0.0,0.0,0.9516338712754355,1.0287079034186297,400
abilene,SNDlib,450,44,Bertsimas-Sim(γ=3.0),nan,0.028555699995195027,False,parametric robust (γ=3.0),0.0,1.0,0.0,0.0,0.9516338712754355,1.0287079034186297,400
abilene,SNDlib,450,44,CVaR-LP(α=0.95),nan,121.58367209999415,False,100,0.0,1.0,0.0,0.0,0.9516338712754355,1.0287079034186297,400
abilene,SNDlib,450,44,FuzzyPD-LP,0.0,24.658161100000143,True,BS(γ=5.0)+AdvSAA(100)+Combo,0.0,1.0,0.0,0.0,0.9516338712754355,1.0287079034186297,400
abilene,SNDlib,450,44,TSAR-BS-only,0.0,0.585413900000276,True,BS-only(γ=5.0),0.0,1.0,0.0,0.0,0.9516338712754355,1.0287079034186297,400
abilene,SNDlib,450,44,TSAR-Adv-only,0.0,12.188500600001134,True,AdvSAA-only(S=100),0.0,1.0,0.0,0.0,0.9516338712754355,1.0287079034186297,400
abilene,SNDlib,450,44,TSAR-No-calib,0.0,0.06966719999763882,True,No-calibration(fixed γ=2.0),0.0,1.0,0.0,0.0,0.9516338712754355,1.0287079034186297,400
dataco_CASH,DataCo,580,39,Nominal-LP,nan,0.03642229999968549,False,deterministic (mean only),0.0,1.0,0.0,0.0,3654.3353151735478,4258.595362584887,400
dataco_CASH,DataCo,580,39,HiGHS-SAA,nan,3.914804100000765,False,100,0.0,1.0,0.0,0.0,3654.3353151735478,4258.595362584887,400
dataco_CASH,DataCo,580,39,OR-Tools GLOP-SAA,nan,7.6851129999995464,False,100,0.0,1.0,0.0,0.0,3654.3353151735478,4258.595362584887,400
dataco_CASH,DataCo,580,39,OR-Tools PDLP-SAA,nan,7.352415599998494,False,100,0.0,1.0,0.0,0.0,3654.3353151735478,4258.595362584887,400
dataco_CASH,DataCo,580,39,Bertsimas-Sim(γ=3.0),nan,0.04374550000648014,False,parametric robust (γ=3.0),0.0,1.0,0.0,0.0,3654.3353151735478,4258.595362584887,400
dataco_CASH,DataCo,580,39,CVaR-LP(α=0.95),nan,121.81560579999496,False,100,0.0,1.0,0.0,0.0,3654.3353151735478,4258.595362584887,400
dataco_CASH,DataCo,580,39,FuzzyPD-LP,0.0,30.19966650000424,True,BS(γ=5.0)+AdvSAA(100)+Combo,0.0,1.0,0.0,0.0,3654.3353151735478,4258.595362584887,400
dataco_CASH,DataCo,580,39,TSAR-BS-only,0.0,0.5959378999978071,True,BS-only(γ=5.0),0.0,1.0,0.0,0.0,3654.3353151735478,4258.595362584887,400
dataco_CASH,DataCo,580,39,TSAR-Adv-only,0.0,14.208734399995592,True,AdvSAA-only(S=100),0.0,1.0,0.0,0.0,3654.3353151735478,4258.595362584887,400
dataco_CASH,DataCo,580,39,TSAR-No-calib,0.0,0.0825050999992527,True,No-calibration(fixed γ=2.0),0.0,1.0,0.0,0.0,3654.3353151735478,4258.595362584887,400
dataco_DEBIT,DataCo,580,39,Nominal-LP,nan,0.033228000000235625,False,deterministic (mean only),0.0,1.0,0.0,0.0,3631.377923036243,4231.84186700751,400
dataco_DEBIT,DataCo,580,39,HiGHS-SAA,nan,3.609045999997761,False,100,0.0,1.0,0.0,0.0,3631.377923036243,4231.84186700751,400
dataco_DEBIT,DataCo,580,39,OR-Tools GLOP-SAA,nan,7.394658600002003,False,100,0.0,1.0,0.0,0.0,3631.377923036243,4231.84186700751,400
dataco_DEBIT,DataCo,580,39,OR-Tools PDLP-SAA,nan,7.094569000000774,False,100,0.0,1.0,0.0,0.0,3631.377923036243,4231.84186700751,400
dataco_DEBIT,DataCo,580,39,Bertsimas-Sim(γ=3.0),nan,0.04715760000544833,False,parametric robust (γ=3.0),0.0,1.0,0.0,0.0,3631.377923036243,4231.84186700751,400
dataco_DEBIT,DataCo,580,39,CVaR-LP(α=0.95),nan,8.98343219999515,False,100,0.0,1.0,0.0,0.0,3631.377923036243,4231.84186700751,400
dataco_DEBIT,DataCo,580,39,FuzzyPD-LP,0.0,29.871996000001673,True,BS(γ=5.0)+AdvSAA(100)+Combo,0.0,1.0,0.0,0.0,3631.377923036243,4231.84186700751,400
dataco_DEBIT,DataCo,580,39,TSAR-BS-only,0.0,0.5870966000002227,True,BS-only(γ=5.0),0.0,1.0,0.0,0.0,3631.377923036243,4231.84186700751,400
dataco_DEBIT,DataCo,580,39,TSAR-Adv-only,0.0,14.59689950000029,True,AdvSAA-only(S=100),0.0,1.0,0.0,0.0,3631.377923036243,4231.84186700751,400
dataco_DEBIT,DataCo,580,39,TSAR-No-calib,0.0,0.07034459999704268,True,No-calibration(fixed γ=2.0),0.0,1.0,0.0,0.0,3631.377923036243,4231.84186700751,400
dataco_PAYMENT,DataCo,580,39,Nominal-LP,nan,0.03256420000252547,False,deterministic (mean only),0.0,1.0,0.0,0.0,3557.3887953891576,4145.618319165428,400
dataco_PAYMENT,DataCo,580,39,HiGHS-SAA,nan,3.8989733000053093,False,100,0.0,1.0,0.0,0.0,3557.3887953891576,4145.618319165428,400
dataco_PAYMENT,DataCo,580,39,OR-Tools GLOP-SAA,nan,7.468325399997411,False,100,0.0,1.0,0.0,0.0,3557.3887953891576,4145.618319165428,400
dataco_PAYMENT,DataCo,580,39,OR-Tools PDLP-SAA,nan,6.951588200005062,False,100,0.0,1.0,0.0,0.0,3557.3887953891576,4145.618319165428,400
dataco_PAYMENT,DataCo,580,39,Bertsimas-Sim(γ=3.0),nan,0.043101600000227336,False,parametric robust (γ=3.0),0.0,1.0,0.0,0.0,3557.3887953891576,4145.618319165428,400
dataco_PAYMENT,DataCo,580,39,CVaR-LP(α=0.95),nan,8.26351280000381,False,100,0.0,1.0,0.0,0.0,3557.3887953891576,4145.618319165428,400
dataco_PAYMENT,DataCo,580,39,FuzzyPD-LP,0.0,28.88374090000434,True,BS(γ=5.0)+AdvSAA(100)+Combo,0.0,1.0,0.0,0.0,3557.3887953891576,4145.618319165428,400
dataco_PAYMENT,DataCo,580,39,TSAR-BS-only,0.0,0.5643914000029326,True,BS-only(γ=5.0),0.0,1.0,0.0,0.0,3557.3887953891576,4145.618319165428,400
dataco_PAYMENT,DataCo,580,39,TSAR-Adv-only,0.0,15.250939099998504,True,AdvSAA-only(S=100),0.0,1.0,0.0,0.0,3557.3887953891576,4145.618319165428,400
dataco_PAYMENT,DataCo,580,39,TSAR-No-calib,0.0,0.07853150000300957,True,No-calibration(fixed γ=2.0),0.0,1.0,0.0,0.0,3557.3887953891576,4145.618319165428,400
dataco_TRANSFER,DataCo,580,39,Nominal-LP,nan,0.03901359999872511,False,deterministic (mean only),0.0,1.0,0.0,0.0,3598.0382930615974,4192.989385952892,400
dataco_TRANSFER,DataCo,580,39,HiGHS-SAA,nan,3.7647145000009914,False,100,0.0,1.0,0.0,0.0,3598.0382930615974,4192.989385952892,400
dataco_TRANSFER,DataCo,580,39,OR-Tools GLOP-SAA,nan,7.305065299995476,False,100,0.0,1.0,0.0,0.0,3598.0382930615974,4192.989385952892,400
dataco_TRANSFER,DataCo,580,39,OR-Tools PDLP-SAA,nan,6.836683700006688,False,100,0.0,1.0,0.0,0.0,3598.0382930615974,4192.989385952892,400
dataco_TRANSFER,DataCo,580,39,Bertsimas-Sim(γ=3.0),nan,0.0491766999984975,False,parametric robust (γ=3.0),0.0,1.0,0.0,0.0,3598.0382930615974,4192.989385952892,400
dataco_TRANSFER,DataCo,580,39,CVaR-LP(α=0.95),nan,7.6158107000010205,False,100,0.0,1.0,0.0,0.0,3598.0382930615974,4192.989385952892,400
dataco_TRANSFER,DataCo,580,39,FuzzyPD-LP,0.0,29.17933240000275,True,BS(γ=5.0)+AdvSAA(100)+Combo,0.0,1.0,0.0,0.0,3598.0382930615974,4192.989385952892,400
dataco_TRANSFER,DataCo,580,39,TSAR-BS-only,0.0,0.6481448000049568,True,BS-only(γ=5.0),0.0,1.0,0.0,0.0,3598.0382930615974,4192.989385952892,400
dataco_TRANSFER,DataCo,580,39,TSAR-Adv-only,0.0,14.17806120000023,True,AdvSAA-only(S=100),0.0,1.0,0.0,0.0,3598.0382930615974,4192.989385952892,400
dataco_TRANSFER,DataCo,580,39,TSAR-No-calib,0.0,0.0816906999971252,True,No-calibration(fixed γ=2.0),0.0,1.0,0.0,0.0,3598.0382930615974,4192.989385952892,400
